player_id,nome,squadra,ruolo_mantra,ruolo_classic,mantra_qa,mantra_fvm,classic_qa,classic_fvm,pg_2026_27,mv_2026_27,fm_2026_27,gol_2026_27,ass_2026_27,amm_2026_27,esp_2026_27,gs_2026_27,rp_2026_27,pg_2025_26,mv_2025_26,fm_2025_26,gol_2025_26,ass_2025_26,amm_2025_26,esp_2025_26,gs_2025_26,rp_2025_26,pg_2024_25,mv_2024_25,fm_2024_25,gol_2024_25,ass_2024_25,amm_2024_25,esp_2024_25,gs_2024_25,rp_2024_25,pg_2023_24,mv_2023_24,fm_2023_24,gol_2023_24,ass_2023_24,amm_2023_24,esp_2023_24,gs_2023_24,rp_2023_24,nessuno_storico,cambio_squadra,fm_media_pesata,trend_fm,pres_pct_2026_27,pres_pct_2025_26,pres_pct_2024_25,pres_pct_2023_24,continuita_pct,pos_media_squadra,stato_infortunio,dettaglio_infortunio,infortunio_aggiornato_il
5585,Malen,ROM,pc,a,37,450,37,450,4,7.38,11.75,6,0,1,0,0,0,18,6.72,8.97,14,2,1,0,0,0,,,,,,,,,,,,,,,,,,,0,0,8.97,n_d,100,47,,,74,4.67,,,
2764,Martinez L.,INT,pc,a,34,382,34,382,3,6.33,8.0,2,0,2,0,0,0,30,6.42,8.25,17,6,4,0,0,0,31,6.19,7.44,12,3,1,0,0,0,33,6.65,8.73,24,2,5,0,0,0,0,0,8.1,calante,75,79,82,87,81,1.33,,,
6875,Paz N.,COM,t/a,c,28,257,30,257,4,6.25,7.25,1,1,0,0,0,0,35,6.37,7.3,12,5,5,0,0,0,33,6.38,6.95,6,7,6,0,0,0,,,,,,,,,,0,0,7.17,crescente,100,92,87,,93,11.33,,,
254,Dimarco,INT,e/w,d,29,250,30,250,4,6.25,6.5,0,1,0,0,0,0,35,6.6,7.64,7,17,3,0,0,0,32,6.31,6.86,4,7,3,0,0,0,30,6.48,7.18,5,6,0,0,0,0,0,0,7.31,crescente,100,92,84,79,89,1.33,,,
4871,Thuram,INT,pc,a,30,271,30,271,3,6.67,9.0,2,1,0,0,0,0,29,6.43,7.95,13,6,2,0,0,0,32,6.33,7.75,14,4,1,0,0,0,35,6.54,7.81,13,7,3,0,0,0,0,0,7.86,stabile,75,76,84,92,82,1.33,,,
6052,Hojlund,NAP,pc,a,28,284,28,284,4,6.25,7.75,2,0,0,0,0,0,33,6.21,7.44,12,5,1,0,0,0,,,,,,,,,,,,,,,,,,,0,0,7.44,n_d,100,87,,,94,4.33,,,
2194,Calhanoglu,INT,m/c,c,28,267,27,237,3,6.67,8.5,2,0,1,0,0,0,22,6.52,7.64,9,4,7,0,0,0,28,6.34,6.89,5,6,5,0,0,0,32,6.47,7.70,13,3,5,0,0,0,0,0,7.43,stabile,75,58,74,84,73,1.33,indisponibile,"Il turco in tribuna il 14 settembre contro l'Udinese per un risentimento muscolare all'adduttore della coscia destra, condizioni da valutare quotidianamente, ma dovrebbe tornare arruolabile dall'inizio di ottobre.",2026-09-18
6397,Ramos G.,MIL,pc,a,26,220,26,220,4,5.88,6.62,1,0,0,0,0,0,,,,,,,,,,,,,,,,,,,,,,,,,,,,1,,,n_d,100,,,,100,5.0,,,
4777,McTominay,NAP,c/t,c,26,150,26,150,2,5.75,5.75,0,0,0,0,0,0,33,6.39,7.26,10,2,1,0,0,0,34,6.56,7.66,12,3,3,0,0,0,,,,,,,,,,0,0,7.41,calante,50,87,89,,75,4.33,indisponibile,Il centrocampista l'1 settembre a causa di una lieve aritmia benigna ha deciso di sottoporsi a un intervento di correzione tramite ablazione. Si confida di rivederlo in campo da metà ottobre.,2026-09-18
2167,Orsolini,BOL,w/a,c,23,146,24,146,2,5.75,5.75,0,0,0,0,0,0,34,6.06,6.76,10,1,2,0,0,0,29,6.53,8.19,15,4,2,0,0,0,31,6.16,7.06,10,2,2,0,0,0,0,0,7.25,stabile,50,89,76,82,74,7.33,,,
2097,Kean,COM,pc,a,24,165,24,165,3,6.0,6.33,0,1,0,0,0,0,26,5.88,6.77,8,1,4,0,0,0,32,6.42,8.08,19,2,6,0,0,0,14,6.0,5.93,0,0,2,0,0,0,0,1,6.99,crescente,75,68,84,37,66,11.33,,,
5951,Kolo Muani,JUV,pc,a,24,120,24,120,4,5.12,5.38,0,1,0,0,0,0,,,,,,,,,,16,6.22,7.78,8,1,0,0,0,0,,,,,,,,,,0,0,7.78,n_d,100,,42,,71,4.33,,,
2423,Pulisic,MIL,t/a,c,22,142,24,142,1,6.5,7.0,0,1,1,0,0,0,27,6.15,7.07,8,4,0,0,0,0,34,6.38,7.49,11,8,1,0,0,0,36,6.33,7.5,12,7,2,0,0,0,0,0,7.28,calante,25,71,89,95,70,5.0,,,
2379,Rabiot,MIL,c/t,c,23,135,23,135,4,6.25,7.5,1,2,0,0,0,0,29,6.33,6.98,6,4,4,1,0,0,,,,,,,,,,31,6.08,6.5,5,2,8,0,0,0,0,0,6.84,crescente,100,76,,82,86,5.0,,,
6752,Woltemade,JUV,a,a,22,127,22,127,2,5.75,5.75,0,0,0,0,0,0,,,,,,,,,,,,,,,,,,,,,,,,,,,,1,,,n_d,50,,,,50,4.33,,,
7017,Douvikas,COM,pc,a,21,165,21,165,4,6.25,7.75,2,0,0,0,0,0,36,6.18,7.38,14,1,0,0,0,0,12,6.21,6.75,2,1,1,0,0,0,,,,,,,,,,0,0,7.14,crescente,100,95,32,,76,11.33,,,
6434,Yildiz,JUV,a,a,22,75,21,75,1,5.5,5.5,0,0,0,0,0,0,35,6.39,7.3,10,6,2,0,0,0,34,6.34,7.01,7,4,2,1,0,0,21,6.05,6.29,2,0,3,0,0,0,0,0,7.01,crescente,25,92,89,55,65,4.33,indisponibile,"l'attaccante turco, dopo la gara di Frosinone (23 agosto), ha lamentato un problema al piede. Operato il 31 agosto di osteosintesi della frattura della base del V metatarso del piede sinistro, stop di circa tre mesi. Ipotesi di rientro in campo da fine novembre.",2026-09-18
2137,Scamacca,ATA,pc,a,19,104,20,104,4,6.12,6.88,1,0,0,0,0,0,22,6.18,7.55,10,1,2,0,0,0,0,0.0,0.0,0,0,0,0,0,0,28,6.41,7.89,12,6,1,0,0,0,0,0,7.65,calante,100,58,0,74,58,4.67,,,
7126,Baturina,COM,t,c,20,155,20,155,4,6.5,7.88,2,0,1,0,0,0,25,6.3,7.14,6,3,0,0,0,0,,,,,,,,,,,,,,,,,,,0,0,7.14,n_d,100,66,,,83,11.33,,,
7556,Mora,ROM,t,c,19,91,20,91,4,6.38,7.12,1,0,0,0,0,0,,,,,,,,,,,,,,,,,,,,,,,,,,,,1,,,n_d,100,,,,100,4.67,,,
5841,Svilar,ROM,por,p,19,90,19,90,4,6.25,6.0,0,0,0,0,1,0,38,6.26,5.45,0,0,0,0,31,0,38,6.32,5.38,0,0,1,0,35,0,15,6.47,5.37,0,0,1,0,19,1,0,0,5.41,stabile,100,100,100,39,85,4.67,,,
5637,Davis K.,UDI,pc,a,19,115,19,115,3,6.5,7.0,0,2,1,0,0,0,30,6.32,7.37,10,4,5,0,0,0,16,6.0,6.38,2,1,2,0,0,0,5,6.2,6.6,1,0,2,0,0,0,0,0,6.92,crescente,75,79,42,13,52,12.33,,,
5559,Da Cunha,COM,c/t,c,18,85,18,85,4,6.38,6.38,0,0,0,0,0,0,35,6.34,6.91,6,4,4,0,0,0,35,6.1,6.36,3,2,4,0,0,0,,,,,,,,,,0,0,6.7,crescente,100,92,92,,95,11.33,,,
1870,Barella,INT,c,c,18,88,18,88,4,6.5,7.5,1,1,0,0,0,0,34,6.28,6.71,3,9,7,0,0,0,33,6.26,6.65,3,6,4,0,0,0,37,6.38,6.53,2,3,7,0,0,0,0,0,6.66,stabile,100,89,87,97,93,1.33,,,
7071,Esposito F.P.,INT,pc,a,18,110,18,110,4,6.75,8.5,2,1,0,0,0,0,31,6.26,7.02,7,3,1,0,0,0,,,,,,,,,,,,,,,,,,,0,0,7.02,n_d,100,82,,,91,1.33,,,
7181,Wesley,ROM,e,d,16,87,18,87,3,6.83,7.17,0,1,0,0,0,0,30,6.12,6.47,5,0,5,2,0,0,,,,,,,,,,,,,,,,,,,0,0,6.47,n_d,75,79,,,77,4.67,,,
531,Berardi,SAS,a,a,19,106,18,106,3,6.33,7.33,1,0,0,0,0,0,26,6.31,7.19,8,4,2,1,0,0,,,,,,,,,,17,6.53,8.06,9,2,6,0,0,0,0,0,7.44,calante,75,68,,45,63,16.67,,,
4998,Molina N.,ROM,e,d,18,63,18,63,3,6.0,6.0,0,0,0,0,0,0,,,,,,,,,,,,,,,,,,,,,,,,,,,,1,,,n_d,75,,,,75,4.67,,,
6435,Krstovic,ATA,pc,a,16,87,17,90,4,5.75,6.38,1,0,1,0,0,0,32,6.16,7.19,10,5,4,0,0,0,37,6.05,6.92,11,5,6,0,0,0,33,5.91,6.30,7,1,4,1,0,0,0,0,6.93,crescente,100,84,97,87,92,4.67,,,
2517,De Bruyne,NAP,t,c,16,97,17,97,4,6.62,7.62,1,1,0,0,0,0,17,6.26,7.24,5,2,1,0,0,0,,,,,,,,,,,,,,,,,,,0,0,7.24,n_d,100,45,,,72,4.33,,,
2766,Zaniolo,UDI,t/a,c,16,73,17,73,1,6.5,6.5,0,0,0,0,0,0,31,6.26,6.77,5,5,8,0,0,0,18,6.03,6.22,2,1,6,1,0,0,,,,,,,,,,0,0,6.56,crescente,25,82,47,,51,12.33,,,
4431,Carnesecchi,ATA,por,p,16,56,16,56,4,6.75,5.75,0,1,0,0,5,0,37,6.36,5.58,0,0,0,0,35,2,34,6.34,5.32,0,0,1,0,34,0,27,6.19,5.30,0,0,0,0,30,2,0,0,5.45,stabile,100,97,89,71,89,4.67,,,
5995,De Ketelaere,ATA,a,a,17,86,16,86,4,5.62,5.62,0,0,0,0,0,0,31,6.21,6.60,3,5,4,0,0,0,34,6.19,6.94,7,5,1,0,0,0,33,6.32,7.39,10,8,1,0,0,0,0,0,6.86,calante,100,82,89,87,90,4.67,,,
6675,Dovbyk,BOL,pc,a,16,37,16,40,3,5.83,6.67,1,0,1,0,0,0,13,6.0,6.77,3,1,0,0,0,0,32,6.0,7.19,12,2,0,0,0,0,,,,,,,,,,0,1,6.93,calante,75,34,84,,64,7.33,indisponibile,"L'attaccante non al meglio per noie muscolari al flessore, assente domenica scorsa a Napoli. Da valutare in settimana verso il match di sabato contro il Torino nella 5a giornata di campionato.",2026-09-18
6908,Atta,FIO,c/t,c,16,68,16,68,4,5.38,5.38,0,0,0,0,0,0,32,6.36,6.88,5,3,3,0,0,0,23,6.0,5.89,0,0,5,0,0,0,,,,,,,,,,0,1,6.51,crescente,100,84,61,,82,9.67,,,
5116,Martinez Jo.,INT,por,p,16,63,16,63,4,5.88,4.38,0,0,0,0,6,0,5,6.0,5.2,0,0,0,0,4,0,5,6.3,5.7,0,0,0,0,3,0,36,6.14,4.97,0,0,2,1,43,1,0,0,5.3,stabile,100,13,13,95,55,1.33,,,
2788,Bremer,JUV,dc,d,16,56,16,56,4,6.25,7.0,1,0,0,0,0,0,26,6.33,6.81,4,3,5,0,0,0,6,6.5,6.42,0,0,1,0,0,0,36,6.24,6.36,3,0,9,0,0,0,0,0,6.6,crescente,100,68,16,95,70,4.33,,,
4973,McKennie,JUV,c/t,c,16,61,16,61,1,6.0,6.0,0,0,0,0,0,0,34,6.13,6.68,5,6,5,0,0,0,31,5.94,6.18,2,3,3,0,0,0,33,6.20,6.32,0,7,6,0,0,0,0,0,6.46,crescente,25,89,82,87,71,4.33,,,
632,Zaccagni,LAZ,w/a,c,16,100,16,100,4,6.25,6.5,0,2,2,0,0,0,26,5.88,5.96,3,0,6,1,0,0,34,6.28,7.01,8,6,10,0,0,0,28,6.23,6.77,6,1,8,0,0,0,0,0,6.44,calante,100,68,89,74,83,7.67,,,
7023,Pellegrino M.,FIO,pc,a,16,54,16,57,4,5.75,7.12,2,0,1,0,0,0,37,5.99,6.65,9,0,5,0,0,0,11,6.14,6.86,3,0,2,0,0,0,,,,,,,,,,0,1,6.73,stabile,100,97,29,,75,9.67,,,
309,Dybala,ROM,a,a,17,113,16,113,4,7.12,8.12,0,4,0,0,0,0,21,6.26,6.74,2,7,0,0,0,0,20,6.48,7.48,6,3,2,0,0,0,27,6.48,8.20,13,9,3,0,0,0,0,0,7.25,calante,100,55,53,71,70,4.67,,,
6060,Laurientè,SAS,a,a,16,81,16,81,4,6.38,6.5,0,1,1,0,0,0,37,6.23,6.99,7,9,4,0,0,0,,,,,,,,,,37,5.99,6.46,5,5,5,0,0,0,0,0,6.84,crescente,100,97,,97,98,16.67,,,
4964,Vicario,JUV,por,p,16,62,16,62,4,6.12,5.12,0,0,0,0,4,0,,,,,,,,,,,,,,,,,,,,,,,,,,,,1,,,n_d,100,,,,100,4.33,,,
6966,Butez,COM,por,p,15,47,15,47,3,5.83,4.83,0,0,0,0,3,0,38,6.07,5.37,0,1,3,0,29,1,18,6.22,5.22,0,0,0,0,18,0,,,,,,,,,,0,0,5.31,stabile,75,100,47,,74,11.33,,,
4159,Akanji,INT,dc,d,15,41,15,41,4,5.75,5.88,0,1,1,0,0,0,32,6.28,6.41,2,0,4,0,0,0,,,,,,,,,,,,,,,,,,,0,0,6.41,n_d,100,84,,,92,1.33,,,
2296,Mancini,ROM,dc,d,15,54,15,54,4,6.25,6.5,0,1,0,0,0,0,36,6.25,6.51,4,2,9,0,0,0,37,6.18,6.26,2,1,8,0,0,0,35,5.99,6.2,4,0,9,0,0,0,0,0,6.37,crescente,100,95,97,92,96,4.67,,,
5734,Soulè,ROM,a,a,16,55,15,55,4,6.62,8.38,2,1,0,0,0,0,32,6.12,6.83,6,5,1,0,0,0,23,6.24,7.04,5,5,3,0,0,0,36,6.29,7.07,11,2,4,0,0,0,0,0,6.94,stabile,100,84,61,95,85,4.67,,,
6967,Diao,COM,w/a,a,15,72,14,70,4,6.62,8.38,2,1,0,0,0,0,16,6.0,6.38,2,1,2,0,0,0,14,6.5,7.93,7,0,2,0,0,0,,,,,,,,,,0,0,6.96,calante,100,42,37,,60,11.33,,,
2120,Bastoni,INT,dc,d,14,42,14,42,4,6.12,6.12,0,0,0,0,0,0,28,6.20,6.34,1,4,6,0,0,0,32,6.42,6.55,1,4,4,1,0,0,28,6.32,6.45,1,3,5,0,0,0,0,0,6.42,stabile,100,74,84,74,83,1.33,,,
4312,Maignan,MIL,por,p,14,51,14,51,4,6.12,5.12,0,0,0,0,4,0,37,6.26,5.42,0,0,4,0,35,2,37,6.18,5.14,0,0,1,0,41,1,29,6.05,4.86,0,1,1,1,34,0,0,0,5.22,crescente,100,97,97,76,92,5.0,,,
4409,Rrahmani,NAP,dc,d,14,51,14,51,4,6.12,6.38,0,1,0,0,0,0,21,6.24,6.45,2,0,3,0,0,0,38,6.14,6.17,1,1,2,0,0,0,30,5.93,6.15,3,0,5,0,0,0,0,0,6.31,stabile,100,55,100,79,84,4.33,,,
7351,Santos A.,NAP,w/a,a,15,55,14,55,3,6.0,6.0,0,0,0,0,0,0,13,6.35,7.23,4,0,1,0,0,0,,,,,,,,,,,,,,,,,,,0,0,7.23,n_d,75,34,,,54,4.33,indisponibile,Il brasiliano costretto al cambio il 9 settembre in Champions League vittima di una lesione muscolare di medio grado al bicipite femorale sinistro. Proverà a tornare arruolabile dalla seconda metà di ottobre.,2026-09-18
6572,Castro S.,ROM,pc,a,13,57,14,60,4,6.0,6.0,0,0,0,0,0,0,35,5.93,6.51,7,1,3,0,0,0,33,6.17,6.76,8,4,8,0,0,0,5,6.0,6.5,1,0,1,0,0,0,0,1,6.58,stabile,100,92,87,13,73,4.67,,,
2061,Simeone,TOR,pc,a,14,60,14,63,4,5.62,5.62,0,0,0,0,0,0,32,6.08,7.09,11,0,1,0,0,0,19,5.92,6.11,1,1,1,0,0,0,17,5.74,5.82,1,0,3,0,0,0,0,0,6.54,crescente,100,84,50,45,70,10.67,,,
7078,Mastantuono,FIO,w/t,c,14,70,14,70,4,6.12,8.38,3,0,0,0,0,0,,,,,,,,,,,,,,,,,,,,,,,,,,,,1,,,n_d,100,,,,100,9.67,,,
5694,Beto,FIO,pc,a,14,49,14,52,2,5.75,5.75,0,0,0,0,0,0,,,,,,,,,,,,,,,,,,,1,5.5,5.5,0,0,0,0,0,0,0,1,,n_d,50,,,3,26,9.67,,,
5119,Samardzic,ATA,c/t,c,13,37,13,37,4,6.0,6.75,1,0,0,0,0,0,21,5.93,6.29,2,2,1,0,0,0,28,6.09,6.25,2,0,3,0,0,0,33,6.18,6.74,6,2,3,0,0,0,0,0,6.37,calante,100,55,74,87,79,4.67,,,
4371,Raspadori,ATA,a,a,14,50,13,50,3,6.17,7.17,1,0,0,0,0,0,13,6.12,6.88,3,1,0,0,0,0,18,6.19,7.22,6,1,1,0,0,0,33,5.98,6.44,5,3,0,0,0,0,0,0,6.89,crescente,75,34,47,87,61,4.67,,,
4463,Esposito Se.,SAS,a,a,14,45,13,45,1,7.5,10.5,1,0,0,0,0,0,36,6.26,6.88,7,4,6,0,0,0,33,6.17,6.79,8,0,1,0,0,0,0,0.0,0.0,0,0,0,0,0,0,0,1,6.85,stabile,25,95,87,0,52,16.67,,,
5800,Gudmundsson A.,LAZ,t/a,c,12,41,13,41,3,5.83,6.67,1,0,1,0,0,0,32,5.88,6.34,5,3,4,1,0,0,21,6.12,6.98,6,1,2,0,0,0,35,6.47,7.64,14,4,4,0,0,0,0,1,6.79,calante,75,84,55,92,76,7.67,,,
152,Zielinski,INT,c,c,13,41,13,41,4,6.75,7.75,1,1,0,0,0,0,30,6.25,6.8,6,2,3,0,0,0,20,5.98,6.32,2,1,0,0,0,0,27,5.94,6.33,3,2,1,0,0,0,0,0,6.56,crescente,100,79,53,71,76,1.33,,,
4976,Kalulu,JUV,dd/dc,d,14,44,13,42,4,6.12,6.12,0,0,0,0,0,0,37,6.14,6.35,2,4,2,1,0,0,28,6.02,6.05,1,0,2,1,0,0,7,5.86,5.86,0,0,0,0,0,0,0,0,6.16,crescente,100,97,74,18,72,4.33,,,
6884,Conceicao,JUV,w/a,c,12,63,13,63,4,6.25,6.5,0,1,0,0,0,0,30,6.28,6.7,3,5,3,0,0,0,25,6.12,6.5,3,3,3,1,0,0,,,,,,,,,,0,0,6.62,stabile,100,79,66,,82,4.33,,,
7314,Taylor K.,LAZ,c/t,c,13,43,13,43,4,6.0,6.0,0,0,0,0,0,0,17,6.06,6.56,3,2,5,0,0,0,,,,,,,,,,,,,,,,,,,0,0,6.56,n_d,100,45,,,72,7.67,,,
5022,Pavlovic,MIL,dc,d,13,43,13,43,4,6.0,5.75,0,0,2,0,0,0,34,6.24,6.62,5,0,4,0,0,0,22,5.91,6.11,2,1,3,1,0,0,,,,,,,,,,0,0,6.43,crescente,100,89,58,,82,5.0,,,
6956,Solet,UDI,dc,d,13,35,13,35,3,6.0,6.0,0,0,0,0,0,0,34,6.18,6.40,3,1,1,0,0,0,19,6.16,6.29,1,1,1,1,0,0,,,,,,,,,,0,0,6.36,stabile,75,89,50,,71,12.33,indisponibile,"il difensore il 7 settembre contro la Lazio costretto al cambio per una lesione al muscolo pettineo della gamba sinistra, è recuperabile dalla fine di settembre.",2026-09-18
6684,Ekkelenkamp,UDI,c/t,c,13,64,13,64,4,6.5,8.25,2,1,0,0,0,0,31,6.05,6.61,5,3,1,0,0,0,33,5.97,6.27,3,2,2,0,0,0,,,,,,,,,,0,0,6.48,crescente,100,82,87,,90,12.33,,,
6372,Moreira,MIL,e/w,c,13,50,13,50,2,6.5,9.5,2,0,0,0,0,0,,,,,,,,,,,,,,,,,,,,,,,,,,,,1,,,n_d,50,,,,50,5.0,,,
4179,Gonzalez N.,JUV,w/a,c,12,48,13,48,3,6.83,7.83,1,0,0,0,0,0,0,0.0,0.0,0,0,0,0,0,0,23,5.96,6.37,3,2,3,0,0,0,29,6.31,7.40,12,2,1,0,0,0,0,0,6.78,calante,75,0,61,76,53,4.33,,,
5792,Ederson D.S.,ATA,m/c,c,13,53,12,48,4,6.0,6.75,1,0,0,0,0,0,30,6.25,6.43,2,1,3,0,0,0,36,6.17,6.49,4,2,3,1,0,0,36,6.14,6.56,6,1,8,0,0,0,0,0,6.47,stabile,100,79,95,95,92,4.67,,,
6869,Ramon,COM,dc,d,12,35,12,35,4,6.25,7.0,1,0,0,0,0,0,32,6.16,6.14,2,0,11,1,0,0,,,,,,,,,,,,,,,,,,,0,0,6.14,n_d,100,84,,,92,11.33,,,
6217,Bisseck,INT,dc,d,12,36,12,36,3,6.67,7.67,1,0,0,0,0,0,23,6.22,6.65,3,2,2,0,0,0,27,6.0,6.33,3,2,4,0,0,0,11,6.36,7.0,2,1,0,0,0,0,0,0,6.62,calante,75,61,71,29,59,1.33,,,
2514,Stones,INT,dc,d,12,19,12,19,3,5.83,5.83,0,0,0,0,0,0,,,,,,,,,,,,,,,,,,,,,,,,,,,,1,,,n_d,75,,,,75,1.33,indisponibile,"il difensore alle prese con un risentimento ai flessori della coscia sinistra, recuperabile dalla prima metà di ottobre.",2026-09-18
5833,Gila,MIL,dc,d,12,29,12,29,4,6.25,6.12,0,0,1,0,0,0,31,6.03,5.95,0,0,3,1,0,0,32,6.05,5.95,1,0,8,0,0,0,21,6.02,5.93,0,0,2,1,0,0,0,1,5.95,stabile,100,82,84,55,80,5.0,,,
2606,Modric,MIL,m/c,c,13,49,12,44,4,5.88,5.88,0,0,0,0,0,0,33,6.45,6.67,2,3,4,0,0,0,,,,,,,,,,,,,,,,,,,0,0,6.67,n_d,100,87,,,94,5.0,,,
2816,Di Lorenzo,NAP,dd/e,d,12,37,12,37,4,6.0,6.12,0,1,1,0,0,0,26,6.08,6.33,2,1,1,0,0,0,37,6.15,6.36,3,2,6,0,0,0,36,6.07,6.21,1,5,6,0,0,0,0,0,6.32,stabile,100,68,97,95,90,4.33,,,
4317,N'Dicka,ROM,dc,d,12,37,12,37,2,5.75,5.75,0,0,0,0,0,0,31,6.08,6.32,3,1,5,0,0,0,38,6.05,6.03,0,0,2,0,0,0,25,5.86,5.86,0,3,6,0,0,0,0,0,6.14,crescente,50,82,100,66,74,4.67,,,
5687,Vlasic,TOR,t,c,11,60,12,60,4,5.38,5.38,0,0,0,0,0,0,37,6.03,6.66,8,3,7,0,0,0,30,6.07,6.67,5,3,0,0,0,0,33,6.02,6.30,3,2,3,0,0,0,0,0,6.59,crescente,100,97,79,87,91,10.67,,,
7484,Adams A.,VEN,pc,a,11,33,12,36,4,5.75,6.5,1,0,0,0,0,0,,,,,,,,,,,,,,,,,,,,,,,,,,,,1,,,n_d,100,,,,100,19.67,,,
5172,Jones C.,INT,c,c,12,36,12,36,3,6.17,6.17,0,0,0,0,0,0,,,,,,,,,,,,,,,,,,,,,,,,,,,,1,,,n_d,75,,,,75,1.33,,,
4360,Caprile,CAG,por,p,11,25,11,25,4,6.38,5.88,0,0,0,0,2,0,38,6.29,4.87,0,0,2,0,53,0,22,6.20,5.16,0,0,0,0,23,0,23,6.26,5.22,0,0,0,0,27,1,0,0,5.03,calante,100,100,58,61,80,15.0,,,
6151,Perrone,COM,m/c,c,12,39,11,34,4,6.25,6.25,0,0,0,0,0,0,36,6.22,6.47,3,4,8,0,0,0,25,5.94,5.94,0,3,6,0,0,0,,,,,,,,,,0,0,6.27,crescente,100,95,66,,87,11.33,,,
7129,Rodriguez Je.,COM,w/a,c,10,24,11,24,2,5.75,5.75,0,0,0,0,0,0,28,6.25,6.66,2,8,3,1,0,0,,,,,,,,,,,,,,,,,,,0,0,6.66,n_d,50,74,,,62,11.33,,,
5436,Raimondo,FRO,pc,a,11,57,11,60,4,6.75,9.62,4,0,1,0,0,0,,,,,,,,,,1,6.0,6.0,0,0,0,0,0,0,0,0.0,0.0,0,0,0,0,0,0,0,1,,n_d,100,,3,0,34,19.33,,,
5823,Baldanzi,GEN,t,c,10,22,11,22,4,5.88,5.88,0,0,0,0,0,0,17,6.15,6.38,1,2,2,0,0,0,21,6.0,6.14,1,1,2,0,0,0,24,6.08,6.27,2,0,3,0,0,0,0,0,6.29,stabile,100,45,55,63,66,13.33,,,
2848,Frattesi,LAZ,c/t,c,11,117,11,117,4,6.88,9.12,3,0,0,0,0,0,14,5.89,5.89,0,0,0,0,0,0,23,6.02,6.72,5,1,1,0,0,0,28,6.27,7.0,6,3,1,0,0,0,0,1,6.36,calante,100,37,61,74,68,7.67,,,
7436,Alajbegovic,JUV,w/t,c,11,40,11,40,3,5.67,5.67,0,0,0,0,0,0,,,,,,,,,,,,,,,,,,,,,,,,,,,,1,,,n_d,75,,,,75,4.33,,,
6482,Mandas,LAZ,por,p,11,35,11,35,4,6.38,5.62,0,0,0,0,3,0,0,0.0,0.0,0,0,0,0,0,0,9,6.28,5.5,0,0,0,0,7,0,8,6.25,5.5,0,0,0,0,6,0,0,0,5.5,stabile,100,0,24,21,36,7.67,,,
4807,Hermoso,ROM,dc,d,11,34,11,34,4,6.5,7.0,1,0,2,0,0,0,27,6.17,6.41,3,2,9,0,0,0,4,5.12,4.88,0,0,0,1,0,0,,,,,,,,,,0,0,6.41,n_d,100,71,11,,61,4.67,,,
7347,Bowie,SAS,pc,a,10,34,11,34,4,6.25,7.0,1,0,0,0,0,0,14,5.96,6.79,4,0,1,0,0,0,,,,,,,,,,,,,,,,,,,0,1,6.79,n_d,100,37,,,68,16.67,,,
2038,Pinamonti,LAZ,pc,a,11,48,11,51,2,5.25,5.25,0,0,0,0,0,0,34,5.88,6.62,9,3,2,1,0,0,36,5.96,6.68,10,1,4,0,0,0,37,5.92,6.70,11,1,4,0,0,0,0,1,6.65,stabile,50,89,95,97,83,7.67,,,
6646,Adams C.,TOR,a,a,12,27,11,27,3,6.67,8.67,2,0,0,0,0,0,32,5.98,6.64,6,3,0,0,0,0,35,6.0,6.76,9,4,3,0,0,0,,,,,,,,,,0,0,6.68,stabile,75,84,92,,84,10.67,indisponibile,"L'attaccante frenato a metà settembre da una lesione distrattiva di basso grado all'adduttore, forfait contro Roma e Bologna. Punta a recuperare nella sosta per essere poi arruolabile dalla prima metà di ottobre.",2026-09-18
7547,Kevin Carlos,CAG,pc,a,10,22,11,25,1,5.5,5.0,0,0,1,0,0,0,,,,,,,,,,,,,,,,,,,,,,,,,,,,1,,,n_d,25,,,,25,15.0,,,
7554,Romero D.,PAR,pc,a,11,32,11,35,3,6.33,7.33,1,0,0,0,0,0,,,,,,,,,,,,,,,,,,,,,,,,,,,,1,,,n_d,75,,,,75,16.33,,,
5982,Spence,INT,e,d,10,23,11,23,0,0.0,0.0,0,0,0,0,0,0,,,,,,,,,,,,,,,,,,,15,6.0,5.97,0,0,1,0,0,0,0,1,5.97,n_d,0,,,39,20,1.33,,,
1850,Kessiè,ATA,c,c,11,38,11,38,1,5.5,5.5,0,0,0,0,0,0,,,,,,,,,,,,,,,,,,,,,,,,,,,,1,,,n_d,25,,,,25,4.67,,,
7625,Goncalves P.,FIO,w/t,c,11,40,11,40,0,0.0,0.0,0,0,0,0,0,0,,,,,,,,,,,,,,,,,,,,,,,,,,,,1,,,n_d,0,,,,0,9.67,,,
5526,Scalvini,ATA,dc,d,10,25,10,25,4,6.0,6.0,0,0,0,0,0,0,24,6.06,6.44,3,1,2,0,0,0,4,5.5,5.25,0,0,2,0,0,0,33,6.06,6.20,1,3,3,0,0,0,0,0,6.37,stabile,100,63,11,87,65,4.67,,,
133,Skorupski,BOL,por,p,10,28,10,28,3,5.83,4.5,0,0,0,0,4,0,18,6.19,5.28,0,0,1,1,15,0,27,6.17,5.04,0,0,1,0,33,1,32,6.17,5.33,0,0,2,0,29,1,0,0,5.22,stabile,75,47,71,84,69,7.33,,,
184,Bernardeschi,BOL,w/t,c,10,26,10,26,4,6.25,6.25,0,0,0,0,0,0,24,6.04,6.56,4,2,3,0,0,0,,,,,,,,,,,,,,,,,,,0,0,6.56,n_d,100,63,,,82,7.33,,,
6844,Rowe,ATA,w/t,c,10,37,10,37,2,5.5,5.5,0,0,0,0,0,0,28,6.20,6.59,3,3,2,0,0,0,,,,,,,,,,,,,,,,,,,0,1,6.59,n_d,50,74,,,62,4.67,,,
2521,De Gea,FIO,por,p,10,24,10,24,4,5.62,2.88,0,0,0,0,11,0,37,6.24,5.0,0,0,0,0,49,1,35,6.34,5.41,0,0,1,0,38,2,,,,,,,,,,0,0,5.15,calante,100,97,92,,96,9.67,,,
1933,Mandragora,TOR,c,c,10,35,10,35,4,6.12,6.88,1,0,0,0,0,0,34,6.04,6.62,7,2,7,0,0,0,27,6.19,6.67,4,4,7,0,0,0,30,5.95,6.28,3,3,5,0,0,0,0,1,6.57,crescente,100,89,71,79,85,10.67,,,
5750,Ostigard,GEN,dc,d,10,32,10,32,4,5.88,5.5,0,0,3,0,0,0,30,6.13,6.52,5,0,7,0,0,0,,,,,,,,,,20,5.9,6.0,1,0,2,0,0,0,0,0,6.37,crescente,100,79,,53,77,13.33,,,
4923,Colombo,GEN,pc,a,9,48,10,51,4,5.75,5.25,0,1,0,0,0,0,37,5.92,6.41,7,1,2,0,0,0,36,5.90,6.39,6,2,3,1,0,0,23,5.89,6.39,4,1,3,0,0,0,0,0,6.4,stabile,100,97,95,61,88,13.33,,,
6274,Diouf,INT,e/c,c,10,55,10,53,3,6.5,7.5,0,3,0,0,0,0,10,6.15,6.45,1,0,1,0,0,0,,,,,,,,,,,,,,,,,,,0,0,6.45,n_d,75,26,,,50,1.33,,,
5500,Cancellieri,LAZ,w/a,c,9,21,10,21,4,6.12,6.75,1,0,1,0,0,0,28,5.93,6.29,4,1,6,0,0,0,25,5.76,6.04,3,0,2,1,0,0,34,6.0,6.31,4,2,7,0,0,0,0,0,6.22,stabile,100,74,66,89,82,7.67,,,
4892,Saelemaekers,MIL,e/w,c,11,28,10,28,3,6.17,6.5,0,1,0,0,0,0,35,6.14,6.41,3,3,5,0,0,0,22,6.39,7.36,7,3,5,0,0,0,30,6.08,6.47,4,3,5,1,0,0,0,0,6.71,stabile,75,92,58,79,76,5.0,,,
572,Meret,NAP,por,p,10,45,10,45,3,6.33,4.67,0,0,0,0,5,0,11,6.23,5.18,0,1,1,0,12,0,34,6.32,5.71,0,0,0,0,25,2,31,6.06,4.97,0,0,0,0,40,2,0,0,5.3,stabile,75,29,89,82,69,4.33,indisponibile,Il portiere uscito claudicante dal match di mercoledì in Champions League per una lesione di basso grado all'adduttore lungo. Recuperabile dall'inizio di ottobre.,2026-09-18
4287,Lobotka,NAP,m/c,c,11,33,10,28,4,6.62,7.38,1,0,0,0,0,0,31,6.05,6.10,1,0,3,0,0,0,31,6.05,6.03,0,1,3,0,0,0,38,5.93,5.91,0,1,4,0,0,0,0,0,6.04,stabile,100,82,82,100,91,4.33,,,
4220,Zambo Anguissa,NAP,c,c,10,30,10,30,3,5.33,5.33,0,0,0,0,0,0,18,6.17,6.86,4,1,1,0,0,0,35,6.41,6.97,6,4,5,0,0,0,33,5.82,5.85,0,2,2,0,0,0,0,0,6.69,crescente,75,47,92,87,75,4.33,,,
536,Politano,NAP,w,c,9,35,10,35,4,5.75,6.38,1,0,1,0,0,0,33,6.09,6.36,2,5,4,0,0,0,37,6.11,6.42,3,4,3,0,0,0,37,6.19,6.89,8,7,2,1,0,0,0,0,6.48,calante,100,87,97,97,95,4.33,,,
5589,Konè M.,ROM,m/c,c,11,43,10,38,4,6.25,6.12,0,0,1,0,0,0,29,6.26,6.53,2,3,2,0,0,0,33,6.26,6.38,2,1,6,0,0,0,,,,,,,,,,0,0,6.47,stabile,100,76,87,,88,4.67,,,
5844,Thorstvedt,SAS,c/t,c,10,32,10,32,4,5.88,5.88,0,0,0,0,0,0,31,6.15,6.48,4,3,9,0,0,0,,,,,,,,,,34,5.94,6.40,6,1,7,0,0,0,0,0,6.46,stabile,100,82,,89,90,16.67,,,
6904,Yeboah J.,VEN,a,a,10,30,10,30,4,6.25,7.0,1,0,0,0,0,0,,,,,,,,,,28,5.91,5.98,1,2,6,0,0,0,,,,,,,,,,0,0,5.98,n_d,100,,74,,87,19.67,,,
6229,Tourè E.,PAR,pc,a,10,30,10,30,4,5.62,5.62,0,0,0,0,0,0,0,0.0,0.0,0,0,0,0,0,0,0,0.0,0.0,0,0,0,0,0,0,9,6.0,6.56,2,0,2,0,0,0,0,1,6.56,n_d,100,0,0,24,31,16.33,,,
5641,Chalobah T.,COM,dd/dc,d,11,30,10,28,3,6.33,6.33,0,0,0,0,0,0,,,,,,,,,,,,,,,,,,,,,,,,,,,,1,,,n_d,75,,,,75,11.33,,,
4896,Maldini,CAG,t/a,a,9,28,9,28,4,6.38,7.88,2,0,0,0,0,0,18,5.94,6.31,2,1,1,0,0,0,27,6.02,6.59,6,0,5,0,0,0,16,6.19,6.97,4,1,1,0,0,0,0,1,6.53,calante,100,47,71,42,65,15.0,,,
5885,Dodò,FIO,dd/e,d,9,16,9,16,1,5.0,5.0,0,0,0,0,0,0,36,5.99,6.03,1,2,7,0,0,0,35,6.19,6.21,0,5,8,0,0,0,6,5.75,5.75,0,0,0,0,0,0,0,0,6.03,stabile,25,95,92,16,57,9.67,,,
4359,Piccoli,BOL,pc,a,8,40,9,43,4,5.75,6.5,1,0,0,0,0,0,27,5.78,6.24,4,1,1,0,0,0,37,6.0,6.76,10,1,6,0,0,0,32,6.02,6.41,5,0,5,0,0,0,0,1,6.43,stabile,100,71,97,84,88,7.33,,,
7472,Calò,FRO,m/c,c,10,35,9,30,4,6.38,6.62,0,1,0,0,0,0,,,,,,,,,,,,,,,,,,,,,,,,,,,,1,,,n_d,100,,,,100,19.33,,,
6530,Ghedjemis,FRO,w/a,a,10,28,9,26,2,6.25,6.25,0,0,0,0,0,0,,,,,,,,,,,,,,,,,,,5,6.2,6.1,0,0,1,0,0,0,0,0,6.1,n_d,50,,,13,32,19.33,,,
6204,Kvernadze,FRO,w/a,a,10,35,9,38,4,6.88,8.62,2,1,0,0,0,0,,,,,,,,,,,,,,,,,,,2,5.75,5.75,0,0,0,0,0,0,0,0,,n_d,100,,,5,52,19.33,,,
5514,Vasquez,GEN,ds/dc,d,10,33,9,30,4,5.62,6.12,1,0,0,1,0,0,36,6.08,6.14,1,0,2,0,0,0,36,6.06,6.18,3,0,9,0,0,0,35,6.16,6.19,1,1,6,0,0,0,0,0,6.16,stabile,100,95,95,92,96,13.33,,,
5877,Carlos Augusto,INT,b/ds/e,d,10,25,9,25,2,7.0,9.0,1,1,0,0,0,0,28,6.12,6.16,1,1,6,0,0,0,28,6.20,6.61,3,3,1,0,0,0,35,6.14,6.21,0,3,1,0,0,0,0,0,6.31,stabile,50,74,74,92,72,1.33,,,
5562,Thuram K.,JUV,c,c,9,15,9,15,0,0.0,0.0,0,0,0,0,0,0,34,6.10,6.40,3,2,2,0,0,0,33,6.30,6.74,4,5,5,0,0,0,,,,,,,,,,0,0,6.53,calante,0,89,87,,59,4.33,indisponibile,"il centrocampista condizionato da una sindrome femoro-rotulea e, dopo un consulto medico a fine agosto, è stato sottoposto il 3 settembre a operazione chirurgica. Lungo stop, ipotizziamo un rientro da gennaio.",2026-09-18
6398,Isaksen,LAZ,w/a,c,8,22,9,22,4,5.75,5.62,0,0,1,0,0,0,27,6.04,6.63,5,1,0,0,0,0,37,6.05,6.34,4,1,5,0,0,0,23,6.07,6.46,3,1,3,0,0,0,0,0,6.51,stabile,100,71,97,61,82,7.67,,,
6989,Tiago Gabriel,LEC,dc,d,9,23,9,23,4,6.0,7.5,2,0,0,0,0,0,36,6.0,6.01,2,0,7,0,0,0,2,6.25,6.25,0,0,0,0,0,0,,,,,,,,,,0,0,6.01,n_d,100,95,5,,67,16.0,,,
5504,Coulibaly L.,LEC,m/c,c,10,21,9,16,4,6.38,8.12,2,1,0,0,0,0,33,6.05,6.29,3,1,4,0,0,0,37,5.96,6.0,1,0,3,0,0,0,27,5.72,5.65,0,0,5,0,0,0,0,0,6.08,crescente,100,87,97,71,89,16.0,,,
7485,Mangas,MON,ds/e,d,9,25,9,25,4,6.25,7.5,1,2,0,0,0,0,,,,,,,,,,,,,,,,,,,,,,,,,,,,1,,,n_d,100,,,,100,17.33,,,
5878,Colpani,MON,t,c,8,13,9,15,4,5.75,6.5,1,0,0,0,0,0,,,,,,,,,,24,5.81,6.04,2,0,1,0,0,0,38,6.20,6.92,8,4,1,0,0,0,0,1,6.39,calante,100,,63,100,88,17.33,,,
2155,Cutrone,MON,pc,a,8,14,9,17,3,6.0,6.0,0,0,0,0,0,0,14,5.71,5.93,1,0,0,0,0,0,33,6.02,6.67,7,4,1,0,0,0,,,,,,,,,,0,1,6.21,calante,75,37,87,,66,17.33,,,
7223,Vergara,NAP,w/t,c,9,32,9,32,3,6.33,7.5,1,1,1,0,0,0,8,6.25,6.5,1,0,2,0,0,0,,,,,,,,,,,,,,,,,,,0,0,6.5,n_d,75,21,,,48,4.33,,,
5862,Valeri,PAR,ds/e,d,9,22,9,22,4,6.12,6.12,0,0,0,0,0,0,34,6.06,6.09,0,2,2,0,0,0,34,5.94,6.25,2,5,1,0,0,0,15,5.6,5.57,0,1,3,0,0,0,0,0,6.03,crescente,100,89,89,39,79,16.33,,,
779,Cristante,ROM,m/c,c,10,34,9,29,4,6.25,6.25,0,0,0,0,0,0,37,6.11,6.22,2,1,6,0,0,0,28,6.20,6.59,4,3,8,0,0,0,37,6.11,6.35,3,4,8,0,0,0,0,0,6.36,stabile,100,97,74,97,92,4.67,,,
6677,Adzic,SAS,c/t,c,9,16,9,16,4,6.5,8.25,2,1,0,0,0,0,4,6.12,6.88,1,0,0,0,0,0,1,6.0,6.0,0,0,0,0,0,0,,,,,,,,,,0,1,,n_d,100,11,3,,38,16.67,,,
5735,Volpato,SAS,w/t,c,9,24,9,24,3,6.67,7.5,1,0,1,0,0,0,21,6.14,6.52,2,4,4,0,0,0,,,,,,,,,,17,5.85,6.0,1,0,1,0,0,0,0,0,6.37,crescente,75,55,,45,58,16.67,indisponibile,l'esterno offensivo dei neroverdi KO il 6 settembre a Bologna vittima di una lesione di grado moderato al flessore della gamba destra. Recuperabile dall'inizio di ottobre.,2026-09-18
5888,Casadei,TOR,c/t,c,9,20,9,20,1,5.0,5.0,0,0,0,0,0,0,32,5.97,6.45,6,0,5,0,0,0,15,6.03,6.27,1,1,1,0,0,0,,,,,,,,,,0,0,6.38,stabile,25,84,39,,49,10.67,,,
5555,Kamara H.,UDI,ds/e,d,9,12,9,12,4,6.38,7.88,2,0,0,0,0,0,26,5.88,5.87,0,2,5,0,0,0,30,5.93,6.03,1,4,6,1,0,0,31,6.06,6.10,1,0,4,0,0,0,0,0,5.96,stabile,100,68,79,82,82,12.33,,,
6727,Couto,COM,dd/e,d,9,31,9,31,4,6.0,6.25,0,1,0,0,0,0,,,,,,,,,,,,,,,,,,,,,,,,,,,,1,,,n_d,100,,,,100,11.33,,,
530,Pellegrini Lo.,ROM,c/t,c,9,18,9,18,0,0.0,0.0,0,0,0,0,0,0,24,6.04,6.58,4,2,2,0,0,0,25,5.68,5.88,2,1,4,0,0,0,29,6.14,6.95,8,3,7,0,0,0,0,0,6.44,calante,0,63,66,76,51,4.67,,,
7600,Osmajic,GEN,pc,a,8,28,9,31,3,5.67,6.67,1,0,0,0,0,0,,,,,,,,,,,,,,,,,,,,,,,,,,,,1,,,n_d,75,,,,75,13.33,,,
7612,Bobcek,FRO,pc,a,9,10,9,13,1,6.0,6.0,0,0,0,0,0,0,,,,,,,,,,,,,,,,,,,,,,,,,,,,1,,,n_d,25,,,,25,19.33,,,
6534,Perri,TOR,por,p,9,17,9,17,2,5.5,4.0,0,0,0,0,3,0,,,,,,,,,,,,,,,,,,,,,,,,,,,,1,,,n_d,50,,,,50,10.67,,,
554,Zappacosta,ATA,dd/e,d,8,14,8,14,3,5.83,5.83,0,0,0,0,0,0,35,6.06,6.3,3,1,3,0,0,0,30,5.98,6.4,4,2,3,0,0,0,31,5.92,6.06,2,1,5,0,0,0,0,0,6.28,stabile,75,92,79,82,82,4.67,,,
2077,Pasalic,ATA,c/t,c,8,21,8,21,3,5.5,5.5,0,0,0,0,0,0,31,5.94,6.27,3,3,3,0,0,0,33,5.91,6.14,3,2,1,0,0,0,33,6.21,6.89,6,6,3,0,0,0,0,0,6.35,calante,75,82,87,87,83,4.67,,,
6042,Lucumì,JUV,dc,d,8,16,8,16,3,6.0,5.67,0,0,2,0,0,0,28,5.88,5.89,1,0,5,0,0,0,32,5.83,5.70,0,1,8,1,0,0,29,6.10,6.07,0,0,2,0,0,0,0,1,5.87,stabile,75,74,84,76,77,4.33,,,
4734,Miranda J.,BOL,ds/e,d,8,22,8,22,3,6.0,6.33,0,1,0,0,0,0,31,6.0,6.10,1,3,6,0,0,0,29,6.05,6.16,0,6,4,1,0,0,,,,,,,,,,0,0,6.12,stabile,75,82,76,,78,7.33,,,
5858,Ferguson,BOL,m/c,c,9,27,8,22,4,6.12,6.12,0,0,0,0,0,0,23,5.80,5.78,1,0,5,1,0,0,14,6.11,6.39,1,1,0,0,0,0,31,6.39,6.94,6,3,8,0,0,0,0,0,6.2,calante,100,61,37,82,70,7.33,,,
4436,Cambiaghi,BOL,w/a,c,7,22,8,22,4,5.88,5.75,0,0,1,0,0,0,24,5.98,6.42,3,4,3,1,0,0,17,6.15,6.5,1,3,0,0,0,0,37,6.14,6.20,1,1,3,0,0,0,0,0,6.4,stabile,100,63,45,97,76,7.33,,,
5701,Obert,CAG,b/ds/e,d,8,17,8,15,4,6.0,6.0,0,0,0,0,0,0,34,5.88,5.82,0,3,8,1,0,0,19,5.95,6.05,1,1,4,0,0,0,13,5.35,5.31,0,0,1,0,0,0,0,0,5.79,crescente,100,89,50,34,68,15.0,,,
4870,Adopo,CAG,m/c,c,9,16,8,13,4,6.25,6.75,0,2,0,0,0,0,38,5.83,5.88,1,1,4,0,0,0,34,5.87,5.91,1,1,3,1,0,0,4,5.75,6.0,0,1,0,0,0,0,0,0,5.89,stabile,100,100,89,11,75,15.0,,,
7311,Romano,CAG,m/c,c,9,26,8,21,4,6.62,7.38,1,0,0,0,0,0,,,,,,,,,,,,,,,,,,,,,,,,,,,,1,,,n_d,100,,,,100,15.0,,,
7414,Kaiki,COM,ds/e,d,8,16,8,16,1,6.5,9.5,1,0,0,0,0,0,,,,,,,,,,,,,,,,,,,,,,,,,,,,1,,,n_d,25,,,,25,11.33,,,
5365,Dragusin,FIO,dc,d,8,18,8,18,4,5.0,5.12,0,1,1,0,0,0,,,,,,,,,,,,,,,,,,,19,6.11,6.45,2,1,1,0,0,0,0,1,6.45,n_d,100,,,50,75,9.67,,,
6531,Jimenez A.,FIO,dd/ds/e,d,8,20,8,17,3,5.5,5.67,0,1,1,0,0,0,1,5.5,5.0,0,0,1,0,0,0,21,5.95,5.83,0,0,6,0,0,0,1,5.0,4.5,0,0,1,0,0,0,0,1,5.83,n_d,75,3,55,3,34,9.67,,,
4465,Fagioli,FIO,m/c,c,9,25,8,20,4,5.88,6.0,0,1,1,0,0,0,33,6.03,6.23,2,3,5,0,0,0,24,5.92,6.04,1,2,4,0,0,0,8,6.06,6.25,0,2,1,0,0,0,0,0,6.18,stabile,100,87,63,21,68,9.67,,,
6294,Ndour,FIO,c,c,8,17,8,17,4,5.5,5.5,0,0,0,0,0,0,30,5.8,6.07,3,0,2,0,0,0,7,5.71,5.64,0,0,1,0,0,0,,,,,,,,,,0,0,5.91,crescente,100,79,18,,66,9.67,,,
6164,Vitinha O.,GEN,a,a,8,12,8,12,4,5.62,5.62,0,0,0,0,0,0,31,5.95,6.39,5,1,5,0,0,0,22,5.89,6.25,2,3,2,0,0,0,6,6.42,7.33,2,0,2,0,0,0,0,0,6.54,calante,100,82,58,16,64,13.33,,,
7070,Sucic P.,INT,c,c,8,20,8,20,3,6.17,6.17,0,0,0,0,0,0,28,6.07,6.27,2,2,5,0,0,0,,,,,,,,,,,,,,,,,,,0,0,6.27,n_d,75,74,,,74,1.33,,,
6669,Bonny,INT,pc,a,7,15,8,18,2,6.5,8.0,1,0,0,0,0,0,27,6.15,6.83,5,4,1,0,0,0,37,6.03,6.51,6,4,2,0,0,0,,,,,,,,,,0,0,6.71,crescente,50,71,97,,73,1.33,,,
5520,Cambiaso,JUV,dd/ds/e,d,9,12,8,10,1,6.0,5.5,0,0,1,0,0,0,36,5.81,5.99,3,4,3,1,0,0,32,6.09,6.31,2,3,4,0,0,0,34,6.0,6.12,2,3,10,0,0,0,0,0,6.11,stabile,25,95,84,89,73,4.33,,,
827,Locatelli,JUV,m/c,c,9,20,8,15,3,6.17,6.33,0,1,1,0,0,0,36,6.26,6.19,1,2,9,0,0,0,35,6.19,6.26,2,1,9,0,0,0,35,5.83,5.94,1,4,6,0,0,0,0,0,6.16,stabile,75,95,92,92,88,4.33,indisponibile,il metronomo del centrocampo bianconero ha rimediato la rottura del menisco esterno del ginocchio. Verrà operato a Lione a stretto giro. Lungo stop e possibilità di rivederlo in campo da gennaio.,2026-09-18
5761,Zhegrova,JUV,w,c,7,25,8,25,2,6.75,9.75,2,0,0,0,0,0,12,5.96,5.96,0,0,1,0,0,0,,,,,,,,,,,,,,,,,,,0,0,5.96,n_d,50,32,,,41,4.33,,,
6320,Doekhi,LAZ,dc,d,8,15,8,15,3,6.33,6.67,0,1,0,0,0,0,,,,,,,,,,,,,,,,,,,,,,,,,,,,1,,,n_d,75,,,,75,7.67,,,
6556,Noslin,LAZ,a,a,8,15,8,15,2,6.5,8.0,1,0,0,0,0,0,23,6.02,6.5,4,2,4,1,0,0,19,6.0,6.37,2,2,2,0,0,0,17,6.35,7.41,5,4,2,0,0,0,0,0,6.64,calante,50,61,50,45,52,7.67,,,
2134,Falcone,LEC,por,p,8,24,8,24,4,6.12,4.25,0,0,1,0,7,0,38,6.41,5.22,0,0,2,0,50,2,38,6.26,4.79,0,0,2,0,58,1,38,6.25,4.91,0,0,0,0,54,1,0,0,5.03,crescente,100,100,100,100,100,16.0,,,
5029,Geubbels,LEC,pc,a,7,15,8,18,2,5.25,5.25,0,0,0,0,0,0,,,,,,,,,,,,,,,,,,,,,,,,,,,,1,,,n_d,50,,,,50,16.0,indisponibile,"l'attaccante KO contro la Roma il 31 agosto vittima di una distorsione alla caviglia, rientro previsto da inizio ottobre.",2026-09-18
6496,Bartesaghi,MIL,ds/e,d,8,12,8,12,2,6.0,6.0,0,0,0,0,0,0,31,5.97,6.05,2,0,3,0,0,0,3,5.33,5.0,0,0,0,1,0,0,3,6.0,6.0,0,0,0,0,0,0,0,0,6.05,n_d,50,82,8,8,37,5.0,,,
4856,Chukwueze,MIL,e/w,c,8,22,8,20,4,6.5,7.0,0,2,0,0,0,0,1,5.5,5.5,0,0,0,0,0,0,16,6.09,6.78,3,2,0,0,0,0,20,6.02,6.25,1,2,1,0,0,0,0,0,6.57,crescente,100,3,42,53,50,5.0,,,
1852,Spinazzola,NAP,ds/e,d,8,24,8,24,4,5.88,5.88,0,0,0,0,0,0,30,6.17,6.55,3,3,1,0,0,0,23,6.07,6.22,1,1,1,0,0,0,23,6.09,6.30,1,2,0,0,0,0,0,0,6.4,stabile,100,79,61,61,75,4.33,,,
6664,Delprato,PAR,b/dd/e,d,8,24,8,21,4,6.0,5.88,0,0,1,0,0,0,35,5.91,6.01,2,0,5,0,0,0,34,6.03,6.21,4,0,8,0,2,0,,,,,,,,,,0,0,6.08,stabile,100,92,89,,94,16.33,,,
6190,Pisilli,ROM,c,c,8,30,8,30,3,6.5,8.33,2,0,1,0,0,0,22,6.09,6.48,2,4,3,0,0,0,24,5.98,6.12,2,1,7,0,0,0,0,0.0,0.0,0,0,0,0,0,0,0,0,6.35,crescente,75,58,63,0,49,4.67,,,
6717,Konè I.,SAS,c,c,8,20,8,20,0,0.0,0.0,0,0,0,0,0,0,35,6.19,6.63,6,0,3,1,0,0,,,,,,,,,,,,,,,,,,,0,0,6.63,n_d,0,92,,,46,16.67,indisponibile,"il centrocampista canadese vittima a giugno nella gara dei Mondiali di una rottura di tibia e perone. Operato, punta a tornare in campo da dicembre.",2026-09-18
6495,Comuzzo,TOR,dc,d,8,13,8,13,4,6.0,6.75,1,0,0,0,0,0,24,5.75,5.75,1,0,2,0,0,0,28,5.91,5.93,1,0,5,0,0,0,2,6.0,5.75,0,0,1,0,0,0,0,1,5.82,stabile,100,63,74,5,60,10.67,,,
6462,Okoye,UDI,por,p,8,26,8,26,4,6.38,3.88,0,0,0,0,10,0,30,6.07,5.08,0,1,1,1,32,1,25,6.1,4.4,0,0,1,0,40,0,21,6.17,4.93,0,0,2,0,25,0,0,0,4.85,stabile,100,79,66,55,75,12.33,,,
4994,Vojvoda,UDI,dd/e,d,8,19,8,19,4,5.75,5.75,0,0,0,0,0,0,27,6.02,6.24,2,1,2,0,0,0,27,5.96,6.04,1,2,6,0,0,0,21,5.88,5.95,0,3,3,0,0,0,0,1,6.12,stabile,100,71,71,55,74,12.33,,,
6680,Karlstrom,UDI,m/c,c,9,23,8,20,4,6.25,6.88,1,0,1,0,0,0,36,5.96,5.96,1,0,6,0,0,0,37,5.85,5.78,0,2,9,0,0,0,,,,,,,,,,0,0,5.89,stabile,100,95,97,,97,12.33,,,
7551,Schmid,FRO,w/t,c,8,26,8,26,4,6.0,6.0,0,1,2,0,0,0,,,,,,,,,,,,,,,,,,,,,,,,,,,,1,,,n_d,100,,,,100,19.33,,,
5675,Theate,BOL,ds/dc,d,9,22,8,20,2,5.75,5.75,0,0,0,0,0,0,,,,,,,,,,,,,,,,,,,,,,,,,,,,1,,,n_d,50,,,,50,7.33,,,
7220,Belghali,TOR,dd/e,d,8,17,8,17,2,6.0,6.5,0,1,0,0,0,0,26,6.10,6.21,2,0,6,0,0,0,,,,,,,,,,,,,,,,,,,0,1,6.21,n_d,50,68,,,59,10.67,,,
4137,Diego Carlos,PAR,dc,d,8,21,8,21,2,5.5,5.5,0,0,0,0,0,0,25,6.14,6.1,1,0,8,0,0,0,,,,,,,,,,,,,,,,,,,0,1,6.1,n_d,50,66,,,58,16.33,,,
6344,Sanchez Ro.,COM,por,p,8,15,8,15,1,6.0,5.0,0,0,0,0,1,0,,,,,,,,,,,,,,,,,,,,,,,,,,,,1,,,n_d,25,,,,25,11.33,,,
6046,Hien,ATA,dc,d,7,11,7,11,0,0.0,0.0,0,0,0,0,0,0,28,5.91,5.86,1,0,5,0,0,0,29,5.95,5.78,0,0,10,0,0,0,22,5.95,5.82,0,0,4,1,0,0,0,0,5.83,stabile,0,74,76,58,52,4.67,indisponibile,"il difensore operato a fine giugno per una lesione del tendine prossimale del muscolo semimembranoso della coscia sinistra, in recupero e pronto a tornare in campo dalla metà di ottobre.",2026-09-18
4364,Gaetano,ATA,m/c,c,8,33,7,28,3,5.67,5.67,0,1,0,1,0,0,32,6.06,6.31,2,4,4,0,0,0,27,6.04,6.41,2,4,0,0,0,0,17,6.12,6.88,5,0,2,1,0,0,0,1,6.45,calante,75,84,71,45,69,4.67,,,
5422,Zalewski,ATA,w,c,6,13,7,13,3,6.0,6.33,0,1,0,0,0,0,31,6.10,6.40,2,5,3,0,0,0,19,6.03,6.21,1,2,3,0,0,0,22,5.80,5.77,0,1,1,1,0,0,0,0,6.22,crescente,75,82,50,58,66,4.67,,,
5298,Pobega,BOL,m/c,c,7,15,7,12,3,6.0,6.0,0,0,0,0,0,0,23,5.83,6.17,3,1,2,1,0,0,20,6.05,6.25,2,2,4,2,0,0,7,5.93,5.93,0,0,0,0,0,0,0,0,6.15,stabile,75,61,53,18,52,7.33,,,
2765,Odgaard,BOL,t,c,6,14,7,14,4,5.62,5.5,0,0,1,0,0,0,22,5.91,6.61,5,1,1,0,0,0,28,6.14,6.84,6,2,1,0,0,0,9,6.22,7.0,2,1,1,0,0,0,0,0,6.76,calante,100,58,74,24,64,7.33,,,
4210,Mina,CAG,dc,d,7,15,7,15,0,0.0,0.0,0,0,0,0,0,0,26,6.0,6.17,2,1,3,1,0,0,31,6.06,6.06,1,0,4,1,0,0,15,6.03,6.27,2,0,5,0,0,0,0,0,6.16,stabile,0,68,82,39,47,15.0,,,
7274,Zè Pedro,CAG,dd/dc,d,7,16,7,14,4,6.25,6.12,0,0,1,0,0,0,22,5.77,5.68,0,1,6,0,0,0,,,,,,,,,,,,,,,,,,,0,0,5.68,n_d,100,58,,,79,15.0,,,
4260,Winks,CAG,m/c,c,8,20,7,15,4,6.12,6.12,0,0,0,0,0,0,,,,,,,,,,,,,,,,,,,,,,,,,,,,1,,,n_d,100,,,,100,15.0,,,
6010,Fazzini,CAG,c/t,c,8,28,7,28,4,5.88,6.0,0,1,1,0,0,0,12,5.88,5.83,0,0,2,0,0,0,20,6.42,6.98,4,1,2,1,0,0,25,5.92,5.96,1,1,6,0,0,0,0,1,6.2,stabile,100,32,53,66,63,15.0,,,
7374,Mendy P.,CAG,pc,a,6,13,7,16,4,6.25,7.0,1,0,0,0,0,0,8,5.94,6.62,2,0,1,0,0,0,,,,,,,,,,,,,,,,,,,0,0,6.62,n_d,100,21,,,60,15.0,,,
6867,Valle,COM,ds/e,d,7,23,7,23,3,6.33,6.67,0,1,0,0,0,0,26,6.06,6.23,1,3,3,0,0,0,13,5.81,5.73,0,0,2,0,0,0,,,,,,,,,,0,0,6.04,crescente,75,68,34,,59,11.33,,,
7469,Bracaglia,FRO,ds/dc,d,7,18,7,16,4,6.38,7.12,1,1,2,0,0,0,,,,,,,,,,,,,,,,,,,,,,,,,,,,1,,,n_d,100,,,,100,19.33,,,
6238,Oyono A.,FRO,dd/e,d,7,10,7,10,4,6.38,6.5,0,1,1,0,0,0,,,,,,,,,,,,,,,,,,,14,5.82,5.75,0,1,4,0,0,0,0,0,5.75,n_d,100,,,37,68,19.33,,,
7332,Bijlow,GEN,por,p,7,12,7,12,4,5.75,3.75,0,0,0,0,8,0,16,6.06,4.78,0,0,1,0,20,0,,,,,,,,,,,,,,,,,,,0,0,4.78,n_d,100,42,,,71,13.33,,,
5791,Frendrup,GEN,m/c,c,8,24,7,19,4,5.62,5.62,0,0,0,0,0,0,36,5.96,5.97,1,0,5,0,0,0,35,6.0,6.04,2,0,5,0,0,0,37,6.23,6.42,2,4,6,0,0,0,0,0,6.08,calante,100,95,92,97,96,13.33,,,
4657,Celik,JUV,b/dd/e,d,8,18,7,16,4,5.75,5.62,0,0,1,0,0,0,32,6.17,6.27,1,2,2,1,0,0,30,5.78,5.77,0,2,5,0,0,0,12,5.92,5.88,0,0,1,0,0,0,0,1,6.04,crescente,100,84,79,32,74,4.33,,,
5685,Koopmeiners,JUV,c/t,c,7,20,7,20,3,6.33,7.67,1,1,0,0,0,0,29,5.64,5.55,0,0,5,0,0,0,28,5.98,6.39,3,4,3,0,0,0,34,6.40,7.53,12,5,5,0,0,0,0,0,6.2,calante,75,76,74,89,78,4.33,,,
5620,Tavares N.,LAZ,ds/e,d,7,27,7,27,3,6.33,6.67,0,1,0,0,0,0,22,5.91,5.80,0,0,5,0,0,0,23,6.28,6.5,0,7,2,1,0,0,,,,,,,,,,0,0,6.06,calante,75,58,61,,65,7.67,,,
7252,Stulic,LEC,pc,a,6,10,7,11,4,5.5,5.5,0,0,0,0,0,0,30,5.73,6.12,4,0,1,0,0,0,,,,,,,,,,,,,,,,,,,0,0,6.12,n_d,100,79,,,90,16.0,,,
6593,Akinsanmiro,MON,c,c,7,11,7,11,3,6.0,6.33,0,1,0,0,0,0,23,5.80,5.80,0,1,2,0,0,0,,,,,,,,,,,,,,,,,,,0,1,5.8,n_d,75,61,,,68,17.33,,,
7523,Varela G.,MON,pc,a,7,34,7,37,3,6.67,8.67,2,0,0,0,0,0,,,,,,,,,,,,,,,,,,,,,,,,,,,,1,,,n_d,75,,,,75,17.33,,,
6666,Bernabè,PAR,c,c,7,30,7,30,3,5.83,5.83,0,0,0,0,0,0,32,6.17,6.48,3,1,0,0,0,0,19,6.29,6.47,1,1,1,0,0,0,,,,,,,,,,0,0,6.48,stabile,75,84,50,,70,16.33,,,
7529,Koulierakis,ROM,dc,d,7,10,7,10,1,6.0,6.0,0,0,0,0,0,0,,,,,,,,,,,,,,,,,,,,,,,,,,,,1,,,n_d,25,,,,25,4.67,,,
6672,Idzes,SAS,dc,d,7,17,7,17,3,6.17,6.0,0,0,1,0,0,0,35,5.94,5.9,0,0,3,0,0,0,35,5.96,5.97,1,0,5,0,0,0,,,,,,,,,,0,0,5.93,stabile,75,92,92,,86,16.67,indisponibile,"Il difensorr ai box per una lesione di grado moderato al quadricipite della gamba sinistra, proverà a tornerà arruolabile dalla seconda metà di ottobre.",2026-09-18
5851,Doig,SAS,ds/e,d,7,10,7,10,4,6.25,7.0,1,0,0,0,0,0,27,5.85,5.76,0,0,5,0,0,0,,,,,,,,,,28,5.82,5.77,0,2,7,0,0,0,0,0,5.76,stabile,100,71,,74,82,16.67,,,
2528,Matic,SAS,m/c,c,8,21,7,16,4,6.62,6.75,0,1,1,0,0,0,34,5.96,5.96,1,1,6,1,0,0,,,,,,,,,,0,0.0,0.0,0,0,0,0,0,0,0,0,5.96,n_d,100,89,,0,63,16.67,,,
6642,Coco,TOR,dc,d,7,14,7,14,4,5.88,5.88,0,0,0,0,0,0,35,5.84,5.91,1,1,3,0,0,0,32,5.86,5.83,2,0,10,0,0,0,,,,,,,,,,0,0,5.88,stabile,100,92,84,,92,10.67,,,
5010,Ismajli,TOR,dc,d,7,12,7,12,3,6.0,6.0,0,0,0,0,0,0,24,5.92,5.90,0,2,5,0,0,0,29,6.17,6.12,0,0,3,0,0,0,25,5.72,5.68,0,0,2,0,0,0,0,0,5.92,stabile,75,63,76,66,70,10.67,,,
7060,Cacciamani,TOR,e/w,c,7,26,7,26,4,6.12,6.38,0,1,0,0,0,0,,,,,,,,,,1,6.0,6.0,0,0,0,0,0,0,,,,,,,,,,0,0,,n_d,100,,3,,52,10.67,,,
6783,Unai Gomez,UDI,t,c,6,14,7,14,3,5.67,6.0,0,1,1,0,0,0,,,,,,,,,,,,,,,,,,,,,,,,,,,,1,,,n_d,75,,,,75,12.33,,,
5507,Busio,VEN,m/c,c,8,17,7,14,4,6.12,6.5,0,2,1,0,0,0,,,,,,,,,,31,5.90,6.03,2,0,4,0,0,0,,,,,,,,,,0,0,6.03,n_d,100,,82,,91,19.67,indisponibile,il regista dei veneti KO l'11 settembre contro la Fiorentina vittima di una distrazione intratendinea del bicipite femorale destro. Rientro dalla seconda metà di ottobre.,2026-09-18
7449,Rrahmani Al.,VEN,pc,a,6,9,7,12,1,5.5,5.5,0,0,0,0,0,0,,,,,,,,,,,,,,,,,,,,,,,,,,,,1,,,n_d,25,,,,25,19.67,,,
5946,Sow,GEN,m/c,c,8,20,7,15,4,5.75,5.88,0,1,1,0,0,0,,,,,,,,,,,,,,,,,,,,,,,,,,,,1,,,n_d,100,,,,100,13.33,,,
7069,Fortini,TOR,e,d,6,12,7,12,4,6.12,6.12,0,0,0,0,0,0,12,5.96,5.96,0,0,0,0,0,0,,,,,,,,,,,,,,,,,,,0,1,5.96,n_d,100,32,,,66,10.67,,,
7564,Leysen F.,SAS,ds/dc,d,7,14,7,12,4,6.25,6.38,0,1,1,0,0,0,,,,,,,,,,,,,,,,,,,,,,,,,,,,1,,,n_d,100,,,,100,16.67,,,
4705,Balerdi,ROM,dc,d,7,14,7,14,2,6.75,6.75,0,0,0,0,0,0,,,,,,,,,,,,,,,,,,,,,,,,,,,,1,,,n_d,50,,,,50,4.67,,,
7618,Hutchinson,MIL,w/a,c,6,18,7,18,0,0.0,0.0,0,0,0,0,0,0,,,,,,,,,,,,,,,,,,,,,,,,,,,,1,,,n_d,0,,,,0,5.0,,,
7619,Monteiro J.,LEC,w/a,c,6,21,7,21,2,5.5,5.5,0,0,0,0,0,0,,,,,,,,,,,,,,,,,,,,,,,,,,,,1,,,n_d,50,,,,50,16.0,,,
5680,Sarr P.,JUV,m/c,c,7,28,7,23,1,5.5,5.5,0,0,0,0,0,0,,,,,,,,,,,,,,,,,,,,,,,,,,,,1,,,n_d,25,,,,25,4.33,,,
7620,Zeballos,MON,a,a,7,21,7,21,1,6.5,9.5,1,0,0,0,0,0,,,,,,,,,,,,,,,,,,,,,,,,,,,,1,,,n_d,25,,,,25,17.33,,,
6833,Mbangula,BOL,w/a,c,7,20,7,20,0,0.0,0.0,0,0,0,0,0,0,,,,,,,,,,15,6.33,7.13,3,3,1,0,0,0,,,,,,,,,,0,1,7.13,n_d,0,,39,,20,7.33,,,
7623,Gnonto,FIO,w/a,a,8,22,7,20,2,5.75,5.75,0,0,0,0,0,0,,,,,,,,,,,,,,,,,,,,,,,,,,,,1,,,n_d,50,,,,50,9.67,,,
7624,Braganca,TOR,c,c,7,19,7,19,2,6.25,6.25,0,0,0,0,0,0,,,,,,,,,,,,,,,,,,,,,,,,,,,,1,,,n_d,50,,,,50,10.67,,,
795,El Shaarawy,GEN,w,c,6,13,7,13,1,6.0,6.0,0,0,0,0,0,0,18,6.14,6.33,1,2,4,0,0,0,21,6.19,6.71,3,3,2,0,0,0,29,6.05,6.40,3,2,2,0,0,0,0,1,6.46,stabile,25,47,55,76,51,13.33,,,
2640,Kolasinac,ATA,ds/dc,d,7,13,6,12,4,5.75,5.75,0,0,0,0,0,0,17,6.03,5.94,0,0,3,0,0,0,23,6.13,5.98,0,2,7,0,0,0,29,6.03,6.07,1,0,4,0,0,0,0,0,5.98,stabile,100,45,61,76,70,4.67,,,
7219,Bernasconi,ATA,ds/e,d,6,16,6,16,2,5.75,5.75,0,0,0,0,0,0,22,6.09,6.16,0,3,3,0,0,0,,,,,,,,,,,,,,,,,,,0,0,6.16,n_d,50,58,,,54,4.67,,,
7212,Heggem,BOL,ds/dc,d,7,16,6,14,4,5.62,5.5,0,0,1,0,0,0,25,5.84,5.8,0,0,0,1,0,0,,,,,,,,,,,,,,,,,,,0,0,5.8,n_d,100,66,,,83,7.33,,,
5678,Holm,BOL,dd/e,d,6,13,6,13,4,6.12,6.0,0,0,1,0,0,0,16,6.09,6.44,1,4,1,1,0,0,16,5.94,6.12,1,1,3,0,0,0,18,5.94,6.08,1,1,5,0,0,0,0,1,6.27,crescente,100,42,42,47,58,7.33,,,
4433,Zortea,BOL,dd/e,d,6,15,6,15,2,6.0,6.0,0,0,0,0,0,0,28,5.86,5.89,0,2,2,0,0,0,35,6.07,6.6,6,2,3,0,0,0,19,6.16,6.63,2,5,4,0,0,0,0,0,6.25,calante,50,74,92,50,66,7.33,,,
6893,Kempf,COM,dc,d,6,12,6,12,2,6.25,6.25,0,0,0,0,0,0,29,6.12,6.52,4,1,3,0,0,0,31,5.85,5.76,0,0,4,1,0,0,,,,,,,,,,0,0,6.23,crescente,50,76,82,,69,11.33,,,
7412,Milla,COM,m/c,c,6,32,6,27,2,6.75,6.75,0,0,0,0,0,0,,,,,,,,,,,,,,,,,,,,,,,,,,,,1,,,n_d,50,,,,50,11.33,,,
5036,Caqueret,COM,c/t,c,6,12,6,12,3,6.17,6.0,0,0,1,0,0,0,28,6.11,6.41,2,4,3,0,0,0,16,6.34,6.78,2,3,4,0,0,0,,,,,,,,,,0,0,6.55,calante,75,74,42,,64,11.33,,,
6678,Liberali,COM,t,c,5,13,6,13,1,6.0,6.0,0,0,0,0,0,0,0,0.0,0.0,0,0,0,0,0,0,1,6.0,6.0,0,0,0,0,0,0,,,,,,,,,,0,1,,n_d,25,0,3,,9,11.33,,,
7410,Viery,FIO,ds/dc,d,7,14,6,13,3,5.67,5.67,0,0,0,0,0,0,,,,,,,,,,,,,,,,,,,,,,,,,,,,1,,,n_d,75,,,,75,9.67,,,
7464,Oulai,FIO,m/c,c,7,21,6,16,3,5.67,5.67,0,0,0,0,0,0,,,,,,,,,,,,,,,,,,,,,,,,,,,,1,,,n_d,75,,,,75,9.67,,,
6415,Palmisani,FRO,por,p,6,13,6,13,4,6.38,5.38,0,0,0,0,4,0,,,,,,,,,,,,,,,,,,,0,0.0,0.0,0,0,0,0,0,0,0,0,,n_d,100,,,0,50,19.33,,,
7467,Calvani,FRO,dc,d,6,13,6,13,4,6.38,6.12,0,0,2,0,0,0,,,,,,,,,,,,,,,,,,,,,,,,,,,,1,,,n_d,100,,,,100,19.33,,,
4952,Monterisi,FRO,dc,d,6,12,6,12,3,5.83,5.83,0,0,0,0,0,0,,,,,,,,,,,,,,,,,,,18,5.83,6.25,2,2,1,0,0,0,0,0,6.25,n_d,75,,,47,61,19.33,,,
5998,Zerbin,FRO,w,c,5,10,6,12,2,6.25,6.25,0,0,0,0,0,0,29,5.76,5.79,0,2,2,0,0,0,18,6.0,6.11,1,1,4,0,0,0,16,5.78,5.78,0,1,0,1,0,0,0,1,5.88,stabile,50,76,47,42,54,19.33,,,
6660,Marcandalli,GEN,dc,d,6,14,6,14,4,5.38,5.38,0,0,0,0,0,0,31,5.87,5.84,0,1,4,0,0,0,8,5.88,5.75,0,0,2,0,0,0,,,,,,,,,,0,0,5.81,stabile,100,82,21,,68,13.33,,,
6020,Ellertsson,GEN,e/c,c,7,17,6,14,4,5.62,5.62,0,0,0,0,0,0,35,5.84,5.91,1,1,1,1,0,0,35,6.01,6.21,2,2,2,0,0,0,,,,,,,,,,0,0,6.02,stabile,100,92,92,,95,13.33,,,
4177,Pavard,INT,dd/dc,d,6,16,6,14,2,5.75,5.75,0,0,0,0,0,0,1,6.5,6.5,0,0,0,0,0,0,22,6.05,6.0,0,1,4,0,0,0,21,6.29,6.24,0,2,6,0,0,0,0,0,6.1,stabile,50,3,58,55,42,1.33,,,
2832,Boga,JUV,w/a,a,7,25,6,23,3,5.83,5.83,0,0,0,0,0,0,13,6.19,7.15,4,1,1,0,0,0,,,,,,,,,,,,,,,,,,,0,0,7.15,n_d,75,34,,,54,4.33,indisponibile,"l'ala offensiva dei bianconeri fermo dopo il match contro il Milan (6 settembre) per una lesione di medio grado del bicipite femorale. Attesi nuovi esami medici a fine settembre per stabilire con esattezza i tempi di recupero, ma ipotizziamo oggi un possibile rientro dalla metà di ottobre.",2026-09-18
2188,Marusic,LAZ,dd/ds/e,d,6,23,6,21,1,6.0,6.0,0,0,0,0,0,0,33,5.86,5.97,1,2,1,1,0,0,31,5.85,6.16,4,0,1,0,0,0,37,5.72,5.73,1,0,3,1,0,0,0,0,5.98,stabile,25,87,82,97,73,7.67,indisponibile,il terzino dei biancocelesti KO il 24 agosto a Bologna vittima di una lesione muscolare alla coscia. Ipotesi rientro da inizio ottobre.,2026-09-18
4459,Rovella,LAZ,m/c,c,7,19,6,16,2,6.25,6.25,0,0,0,0,0,0,11,5.73,5.64,0,1,2,1,0,0,33,6.11,6.0,0,3,13,0,0,0,21,6.12,6.07,0,2,6,0,0,0,0,0,5.83,calante,50,29,87,55,55,7.67,indisponibile,il regista dei biancocelesti KO il 30 agosto contro il Genoa vittima di una lesione muscolare al polpaccio che lo terrà ai box fino alla prima metà di ottobre.,2026-09-18
6990,Veiga D.,LEC,dd/e,d,6,12,6,12,4,5.88,6.12,0,2,2,0,0,0,36,5.82,5.69,0,0,9,0,0,0,11,5.73,5.73,0,0,0,0,0,0,,,,,,,,,,0,0,5.71,stabile,100,95,29,,75,16.0,,,
4502,Gallo,LEC,ds/e,d,6,12,6,12,3,5.83,5.83,0,0,0,0,0,0,37,5.95,5.99,0,3,3,0,0,0,31,5.79,5.65,0,2,3,1,0,0,34,5.94,6.0,0,3,2,0,0,0,0,0,5.89,stabile,75,97,82,89,86,16.0,,,
6549,Pierotti,LEC,w,c,6,17,6,19,4,5.75,5.75,0,0,0,0,0,0,37,5.80,5.85,1,1,4,0,0,0,35,5.81,6.1,4,1,4,1,0,0,7,6.07,6.21,0,1,0,0,0,0,0,0,6.0,calante,100,97,92,18,77,16.0,,,
4401,Gabbia,MIL,dc,d,6,14,6,14,1,6.0,6.0,0,0,0,0,0,0,29,5.91,5.84,0,0,4,0,0,0,25,6.04,6.2,2,0,4,0,0,0,17,6.06,6.26,2,0,5,0,0,0,0,0,6.03,calante,25,76,66,45,53,5.0,,,
4751,Tomori,MIL,dc,d,6,8,6,8,0,0.0,0.0,0,0,0,0,0,0,32,5.97,5.88,0,1,6,1,0,0,18,5.86,5.81,0,1,2,1,0,0,25,6.0,6.32,4,0,6,1,0,0,0,0,5.95,calante,0,84,47,66,49,5.0,,,
5838,Birindelli,MON,dd/ds/e,d,6,16,6,14,4,5.88,6.12,0,1,0,0,0,0,,,,,,,,,,20,5.95,6.35,3,0,2,0,0,0,32,6.0,5.89,0,0,7,0,0,0,0,0,6.17,crescente,100,,53,84,79,17.33,,,
2741,Pessina,MON,m/c,c,7,20,6,15,0,0.0,0.0,0,0,0,0,0,0,,,,,,,,,,11,6.09,6.0,0,0,2,0,0,0,37,6.07,6.46,6,2,3,1,0,0,0,0,6.18,calante,0,,29,97,42,17.33,indisponibile,"Il centrocampista costretto a saltare l'inizio di campionato per una lussazione della rotula del ginocchio destro rimediata nella prima metà di agosto in allenamento. Tempi di recupero da monitorare, ma proverà a tornare arruolabile dall'inizio di novembre.",2026-09-18
2724,Buongiorno,NAP,dc,d,6,14,6,14,0,0.0,0.0,0,0,0,0,0,0,32,5.89,5.88,0,1,3,0,0,0,22,6.36,6.45,1,0,2,0,0,0,29,6.31,6.5,3,0,7,0,0,0,0,0,6.17,calante,0,84,58,76,54,4.33,indisponibile,"il difensore operato nella seconda metà di luglio al menisco del ginocchio destro. Sta recuperando lentamente, ipotizziamo possa tornare arruolabile da metà novembre.",2026-09-18
7411,Daffara,PAR,por,p,6,5,6,5,0,0.0,0.0,0,0,0,0,0,0,,,,,,,,,,,,,,,,,,,,,,,,,,,,1,,,n_d,0,,,,0,16.33,,,
6898,Keita M.,PAR,m/c,c,6,17,6,15,4,5.75,5.62,0,0,1,0,0,0,36,6.01,6.06,1,1,1,0,0,0,28,5.73,5.66,0,1,4,1,0,0,,,,,,,,,,0,0,5.91,crescente,100,95,74,,90,16.33,,,
4236,Muric,SAS,por,p,6,14,6,14,4,5.88,4.12,0,0,0,0,7,0,32,6.08,4.77,0,0,4,0,43,1,,,,,,,,,,,,,,,,,,,0,0,4.77,n_d,100,84,,,92,16.67,,,
7036,Bakola,SAS,c/t,c,6,18,6,18,3,6.17,6.5,0,1,0,0,0,0,3,6.17,6.17,0,0,0,0,0,0,,,,,,,,,,,,,,,,,,,0,0,,n_d,75,8,,,42,16.67,,,
7535,Fitz-Jim,TOR,m/c,c,6,23,6,18,4,6.0,6.0,0,0,0,0,0,0,,,,,,,,,,,,,,,,,,,,,,,,,,,,1,,,n_d,100,,,,100,10.67,,,
6170,Gineitis,TOR,m/c,c,6,15,6,12,4,5.62,5.75,0,1,1,0,0,0,27,5.87,5.81,0,1,5,0,0,0,28,5.95,6.21,3,1,5,0,0,0,10,6.05,5.95,0,0,2,0,0,0,0,0,5.96,stabile,100,71,74,26,68,10.67,,,
6218,Oristanio,TOR,w/t,c,6,14,6,12,0,0.0,0.0,0,0,0,0,0,0,18,5.78,5.92,1,0,1,0,0,0,37,6.05,6.34,3,3,3,0,0,0,24,6.10,6.38,2,1,1,0,0,0,0,1,6.14,calante,0,47,97,63,52,10.67,,,
608,Zapata D.,TOR,pc,a,5,10,6,12,1,5.5,5.5,0,0,0,0,0,0,23,5.83,6.13,3,1,0,0,0,0,7,6.57,7.79,3,0,1,0,0,0,37,6.26,7.36,13,3,2,0,0,0,0,0,6.87,calante,25,61,18,97,50,10.67,,,
6485,Kristensen T.,ATA,dd/dc,d,7,15,6,14,0,0.0,0.0,0,0,0,0,0,0,28,5.98,6.23,3,0,4,0,0,0,21,5.57,5.60,1,0,5,0,0,0,26,5.79,5.75,0,1,2,1,0,0,0,1,5.95,crescente,0,74,55,68,49,4.67,,,
7198,Piotrowski,UDI,m/c,c,7,16,6,13,2,6.25,7.5,1,0,2,0,0,0,30,5.88,5.95,1,0,2,0,0,0,,,,,,,,,,,,,,,,,,,0,0,5.95,n_d,50,79,,,64,12.33,indisponibile,"Il centrocampista ha ravvisato il 7 settembre contro la Lazio una lieve aritmia cardiaca benigna e si sottoporrà nei prossimi giorni ad un intervento di ablazione cardiaca. Osservato un periodo di riposo, potrà tornare alla regolare attività agonistica (ipotizziamo da fine ottobre).",2026-09-18
7272,Gueye,UDI,pc,a,5,7,6,10,3,6.0,7.0,1,0,0,0,0,0,13,5.77,5.92,1,0,2,0,0,0,,,,,,,,,,,,,,,,,,,0,0,5.92,n_d,75,34,,,54,12.33,,,
6821,Hainaut,VEN,dd/e,d,6,12,6,12,4,6.12,7.12,1,1,0,0,0,0,0,0.0,0.0,0,0,0,0,0,0,22,5.86,6.07,2,0,3,0,0,0,,,,,,,,,,0,1,6.07,n_d,100,0,58,,53,19.67,,,
5674,Basic,VEN,m/c,c,6,21,6,16,2,5.75,5.75,0,0,0,0,0,0,23,6.09,6.43,2,3,0,1,0,0,0,0.0,0.0,0,0,0,0,0,0,14,5.54,5.36,0,0,5,0,0,0,0,1,6.12,crescente,50,61,0,37,37,19.67,indisponibile,"Il centrocampista out contro Frosinone e Fiorentina per noie fisiche, rimane da valutare quotidianamente in vista di sabato sera in casa contro la Lazio nella 5a giornata di campionato.",2026-09-18
6994,Perez K.,VEN,c/t,c,6,15,6,15,4,5.88,5.75,0,0,1,0,0,0,,,,,,,,,,16,6.03,6.16,1,1,4,0,0,0,,,,,,,,,,0,0,6.16,n_d,100,,42,,71,19.67,,,
7546,Robinson J.,MON,a,a,6,13,6,13,2,6.75,8.25,1,0,0,0,0,0,,,,,,,,,,,,,,,,,,,,,,,,,,,,1,,,n_d,50,,,,50,17.33,,,
7329,Obrador,SAS,ds/e,d,6,11,6,11,1,6.0,6.0,0,0,0,0,0,0,16,6.06,6.41,1,3,1,0,0,0,,,,,,,,,,,,,,,,,,,0,1,6.41,n_d,25,42,,,34,16.67,,,
6618,Cissè A.,MIL,w/t,c,6,38,6,38,4,6.25,7.62,2,0,1,0,0,0,0,0.0,0.0,0,0,0,0,0,0,0,0.0,0.0,0,0,0,0,0,0,,,,,,,,,,0,1,,n_d,100,0,0,,33,5.0,,,
4479,Elmas,ATA,w/t,c,6,21,6,21,2,5.5,5.5,0,0,0,0,0,0,28,5.80,5.96,1,3,3,0,0,0,13,6.12,7.04,4,0,0,0,0,0,9,6.0,6.56,2,0,2,0,0,0,0,1,6.4,calante,50,74,34,24,46,4.67,,,
4664,Badiashile,NAP,dc,d,6,11,6,11,1,5.0,5.0,0,0,0,0,0,0,,,,,,,,,,,,,,,,,,,,,,,,,,,,1,,,n_d,25,,,,25,4.33,,,
7580,Sutalo J.,LAZ,dc,d,6,19,6,19,1,5.5,5.5,0,0,0,0,0,0,,,,,,,,,,,,,,,,,,,,,,,,,,,,1,,,n_d,25,,,,25,7.67,,,
4147,Caleta-Car,SAS,dc,d,6,11,6,11,0,0.0,0.0,0,0,0,0,0,0,,,,,,,,,,,,,,,,,,,,,,,,,,,,1,,,n_d,0,,,,0,16.67,,,
7621,Sugawara,CAG,dd/e,d,6,15,6,15,1,6.0,6.0,0,0,0,0,0,0,,,,,,,,,,,,,,,,,,,,,,,,,,,,1,,,n_d,25,,,,25,15.0,,,
6319,Leite,LAZ,dc,d,6,14,6,14,0,0.0,0.0,0,0,0,0,0,0,,,,,,,,,,,,,,,,,,,,,,,,,,,,1,,,n_d,0,,,,0,7.67,,,
4887,Bellanova,ATA,dd/e,d,5,17,5,17,2,5.5,5.25,0,0,1,0,0,0,22,5.82,5.82,0,1,2,0,0,0,35,6.04,6.26,0,9,3,0,0,0,36,6.14,6.35,1,7,5,0,0,0,0,0,6.06,calante,50,58,92,95,74,4.67,,,
5918,Sulemana K.,ATA,a,a,5,5,5,5,0,0.0,0.0,0,0,0,0,0,0,21,6.0,6.24,2,1,4,0,0,0,,,,,,,,,,,,,,,,,,,0,0,6.24,n_d,0,55,,,28,4.67,indisponibile,"L'attaccante KO in amichevole l'8 agosto vittima di una lesione del collaterale mediale di secondo grado del ginocchio sinistro, recuperabile da inizio ottobre.",2026-09-18
7532,Kofler,CAG,dc,d,5,4,5,4,2,6.0,6.0,0,0,0,0,0,0,,,,,,,,,,,,,,,,,,,,,,,,,,,,1,,,n_d,50,,,,50,15.0,,,
7268,Rodriguez Ju.,CAG,ds/dc,d,6,17,5,14,4,6.25,6.25,0,0,0,0,0,0,16,5.62,5.72,1,0,3,0,0,0,,,,,,,,,,,,,,,,,,,0,0,5.72,n_d,100,42,,,71,15.0,,,
1871,Deiola,CAG,m/c,c,5,8,5,8,4,6.25,6.0,0,0,2,0,0,0,20,5.98,5.95,0,1,3,0,0,0,25,5.98,6.14,2,1,6,0,0,0,22,5.70,5.59,1,0,7,0,0,0,0,0,5.94,crescente,100,53,66,58,69,15.0,,,
6640,Felici,CAG,w,c,4,7,5,7,1,6.0,6.0,0,0,0,0,0,0,11,6.05,6.55,2,1,3,0,0,0,18,5.83,5.97,0,3,1,0,0,0,,,,,,,,,,0,0,6.33,crescente,25,29,47,,34,15.0,indisponibile,il centrocampista KO il 7 settembre contro il Lecce in casa vittima della rottura del legamento crociato anteriore. Verrà operato e costretto a un lungo stop (ipotizziamo un rientro da marzo).,2026-09-18
7294,Valdepenas,FIO,ds/dc,d,6,13,5,11,2,5.0,5.0,0,0,0,0,0,0,,,,,,,,,,,,,,,,,,,,,,,,,,,,1,,,n_d,50,,,,50,9.67,,,
6506,Fini,FRO,w,c,5,11,5,11,4,6.12,6.12,0,0,0,0,0,0,1,5.5,5.5,0,0,0,0,0,0,,,,,,,,,,,,,,,,,,,0,1,,n_d,100,3,,,52,19.33,,,
6917,Masini,FRO,m/c,c,5,10,5,8,4,6.38,6.62,0,1,0,0,0,0,21,5.98,5.90,0,1,5,0,0,0,18,6.06,6.17,1,0,2,0,0,0,,,,,,,,,,0,1,6.0,stabile,100,55,47,,67,19.33,,,
4970,Messias,GEN,w/t,c,5,8,5,8,4,6.12,6.12,0,0,0,0,0,0,19,6.18,6.68,3,1,1,0,0,0,16,6.0,6.03,1,1,1,0,0,0,17,6.18,6.35,1,0,0,0,0,0,0,0,6.42,crescente,100,50,42,45,59,13.33,,,
5831,Gatti,JUV,dc,d,5,12,5,12,1,7.0,9.5,1,0,1,0,0,0,16,5.94,6.22,2,0,3,0,0,0,28,6.14,6.21,1,0,2,0,0,0,32,5.97,6.11,4,0,7,0,0,0,0,0,6.2,stabile,25,42,74,84,56,4.33,,,
6766,Kelly L.,JUV,ds/dc,d,6,14,5,12,3,5.5,5.5,0,0,0,0,0,0,35,6.01,6.07,1,1,4,0,0,0,12,5.67,5.62,0,0,1,0,0,0,,,,,,,,,,0,0,5.9,crescente,75,92,32,,66,4.33,,,
4817,Pedraza,LAZ,ds/e,d,5,14,5,14,2,6.0,6.0,0,0,0,0,0,0,,,,,,,,,,,,,,,,,,,,,,,,,,,,1,,,n_d,50,,,,50,7.67,,,
7240,Siebert,LEC,dc,d,5,12,5,12,4,5.62,5.5,0,0,1,0,0,0,19,5.68,5.76,1,0,3,0,0,0,,,,,,,,,,,,,,,,,,,0,0,5.76,n_d,100,50,,,75,16.0,,,
5739,De Winter,MIL,dd/dc,d,6,26,5,24,4,6.38,6.25,0,0,1,0,0,0,24,5.75,5.90,1,1,1,0,0,0,24,5.85,6.10,3,0,6,0,0,0,29,5.84,5.74,0,1,6,1,0,0,0,0,5.93,stabile,100,63,63,76,76,5.0,,,
7203,Jashari,MIL,m/c,c,5,13,5,13,2,6.25,6.25,0,0,0,0,0,0,12,5.71,5.79,0,1,0,0,0,0,,,,,,,,,,,,,,,,,,,0,0,5.79,n_d,50,32,,,41,5.0,,,
5295,Musah,MIL,c/w,c,5,16,5,16,4,6.25,6.25,0,0,0,0,0,0,16,5.94,6.09,1,0,1,0,0,0,26,5.69,5.67,0,2,5,0,0,0,25,5.92,5.86,0,1,5,0,0,0,0,1,5.92,stabile,100,42,68,66,69,5.0,,,
5882,Mota,MON,a,a,5,8,5,8,1,6.0,6.0,0,0,0,0,0,0,,,,,,,,,,31,5.84,6.31,5,1,3,0,0,0,33,6.0,6.41,4,3,3,0,0,0,0,0,6.35,stabile,25,,82,87,65,17.33,,,
2170,Milinkovic-Savic V.,NAP,por,p,5,10,5,10,1,6.0,6.0,0,0,0,0,0,0,27,6.20,5.65,0,0,0,0,24,3,37,6.30,5.45,0,0,3,0,42,4,36,6.12,5.24,0,0,2,0,31,0,0,0,5.51,crescente,25,71,97,95,72,4.33,,,
6202,Beukema,NAP,dc,d,5,10,5,10,0,0.0,0.0,0,0,0,0,0,0,22,5.93,6.16,2,0,2,0,0,0,34,5.93,5.94,0,1,1,0,0,0,30,6.02,6.02,1,0,4,1,0,0,0,0,6.07,stabile,0,58,89,79,56,4.33,,,
6831,Neres,NAP,w/a,a,6,20,5,18,1,5.5,5.5,0,0,0,0,0,0,16,6.19,6.84,3,3,3,0,0,0,25,6.32,6.72,2,5,2,0,0,0,,,,,,,,,,0,0,6.79,stabile,25,42,66,,44,4.33,,,
4349,Nicolussi Caviglia,PAR,m/c,c,6,21,5,16,0,0.0,0.0,0,0,0,0,0,0,23,5.89,6.02,0,4,4,0,0,0,35,6.2,6.53,4,3,5,1,0,0,6,5.92,6.0,0,1,1,0,0,0,0,0,6.17,stabile,0,61,92,16,42,16.33,indisponibile,"il centrocampista alle prese dalla seconda metà di luglio con una lesione di medio grado alla coscia destra, ma a fine agosto ha deciso, assieme allo staff medico ducale, di operarsi. Lungo stop e ipotesi di ritorno in campo da novembre.",2026-09-18
6207,Almqvist,PAR,w/a,c,4,11,5,11,3,6.0,6.17,0,1,1,0,0,0,9,5.94,6.06,0,1,0,0,0,0,26,5.79,5.85,1,1,5,0,0,0,30,5.98,6.13,2,1,5,0,0,0,0,0,6.01,stabile,75,24,68,79,62,16.33,,,
6631,Ghilardi,ROM,dc,d,5,8,5,8,2,6.5,6.5,0,0,0,0,0,0,21,5.98,5.95,0,0,1,0,0,0,24,5.73,5.54,0,0,7,1,0,0,,,,,,,,,,0,0,5.8,crescente,50,55,63,,56,4.67,,,
7526,Comert,TOR,dc,d,5,14,5,14,3,6.0,6.33,0,1,0,0,0,0,,,,,,,,,,,,,,,,,,,,,,,,,,,,1,,,n_d,75,,,,75,10.67,,,
6827,Njie,FIO,w/a,c,5,27,5,27,3,6.33,6.17,0,0,1,0,0,0,10,5.8,6.15,1,1,2,0,0,0,9,6.0,5.94,0,0,1,0,0,0,,,,,,,,,,0,1,6.07,stabile,75,26,24,,42,9.67,,,
6021,Abankwah,UDI,dd/dc,d,5,14,5,13,4,6.12,6.75,1,0,1,0,0,0,,,,,,,,,,2,6.25,6.0,0,0,1,0,0,0,0,0.0,0.0,0,0,0,0,0,0,0,0,,n_d,100,,5,0,35,12.33,,,
6248,Stankovic F.,VEN,por,p,5,9,5,9,4,6.0,3.25,0,0,0,0,11,0,,,,,,,,,,15,6.6,5.23,0,0,1,0,23,1,0,0.0,0.0,0,0,0,0,0,0,0,0,5.23,n_d,100,,39,0,46,19.67,,,
7253,Bella-Kotchap,VEN,dc,d,5,13,5,13,2,5.0,5.0,0,0,0,0,0,0,18,5.83,5.75,0,0,3,0,0,0,,,,,,,,,,,,,,,,,,,0,1,5.75,n_d,50,47,,,48,19.67,indisponibile,il difensore costretto al cambio a Frosinone il 6 settembre per un risentimento muscolare mio-fasciale all'adduttore della gamba destra. Recuperabile dall'inizio di ottobre.,2026-09-18
4845,Correia T.,VEN,dd/ds/e,d,5,8,5,8,3,6.17,6.17,0,0,0,0,0,0,,,,,,,,,,,,,,,,,,,,,,,,,,,,1,,,n_d,75,,,,75,19.67,,,
5695,Haps,VEN,ds/e,d,5,10,5,10,4,5.5,5.62,0,1,1,0,0,0,,,,,,,,,,22,5.86,5.98,1,1,3,0,0,0,14,5.93,6.0,0,1,0,0,0,0,0,0,5.99,stabile,100,,58,37,65,19.67,,,
5319,Sohm,VEN,c,c,5,10,5,10,3,5.5,5.17,0,0,2,0,0,0,24,5.65,5.62,0,1,3,0,0,0,37,6.03,6.26,4,0,7,0,0,0,,,,,,,,,,0,1,5.86,calante,75,63,97,,78,19.67,,,
7561,Lontani,PAR,a,a,5,17,5,17,4,6.38,7.12,1,0,0,0,0,0,,,,,,,,,,,,,,,,,,,,,,,,,,,,1,,,n_d,100,,,,100,16.33,,,
7563,Favasuli,NAP,dd/ds/e,d,6,17,5,15,1,7.0,8.0,0,1,0,0,0,0,,,,,,,,,,,,,,,,,,,,,,,,,,,,1,,,n_d,25,,,,25,4.33,,,
7146,Tourè I.,MON,e/m,c,7,17,5,14,0,0.0,0.0,0,0,0,0,0,0,30,5.82,5.82,1,0,4,1,0,0,,,,,,,,,,,,,,,,,,,0,1,5.82,n_d,0,79,,,40,17.33,,,
5751,Patterson,TOR,dd/e,d,5,10,5,10,1,6.0,6.0,0,0,0,0,0,0,,,,,,,,,,,,,,,,,,,,,,,,,,,,1,,,n_d,25,,,,25,10.67,,,
2169,Rodriguez R.,TOR,b/ds/e,d,6,14,5,12,1,6.0,6.0,0,0,0,0,0,0,,,,,,,,,,,,,,,,,,,35,6.11,6.17,1,1,4,0,0,0,0,0,6.17,n_d,25,,,92,58,10.67,,,
22,De Roon,ROM,m/c,c,5,13,4,10,1,6.5,6.5,0,0,0,0,0,0,34,5.97,6.0,1,2,6,1,0,0,36,6.15,6.53,4,4,5,0,0,0,30,5.97,5.97,0,5,10,0,0,0,0,1,6.15,stabile,25,89,95,79,72,4.67,,,
7068,Vitik,BOL,dc,d,4,10,4,10,0,0.0,0.0,0,0,0,0,0,0,18,5.94,5.86,0,0,3,0,0,0,,,,,,,,,,,,,,,,,,,0,0,5.86,n_d,0,47,,,24,7.33,,,
7528,Amondarain,BOL,m/c,c,5,14,4,11,2,5.5,5.25,0,0,1,0,0,0,,,,,,,,,,,,,,,,,,,,,,,,,,,,1,,,n_d,50,,,,50,7.33,,,
6054,Moro N.,BOL,m/c,c,4,17,4,14,2,5.75,5.75,0,0,0,0,0,0,28,5.93,6.12,2,0,1,0,0,0,16,6.0,6.03,0,1,1,0,0,0,17,6.03,6.21,1,0,0,0,0,0,0,0,6.11,stabile,50,74,42,45,53,7.33,,,
6895,Dominguez B.,SAS,w/a,c,3,12,4,12,3,5.83,5.83,0,0,0,0,0,0,12,5.83,6.04,0,3,1,0,0,0,20,6.28,6.82,3,2,0,0,0,0,,,,,,,,,,0,1,6.33,calante,75,32,53,,53,16.67,,,
6815,Fadera,CAG,w,c,4,10,4,12,3,6.0,6.0,0,0,0,0,0,0,24,5.92,6.15,2,1,5,0,0,0,24,6.0,6.19,1,3,1,1,0,0,,,,,,,,,,0,1,6.17,stabile,75,63,63,,67,15.0,,,
7127,Addai,COM,w/a,c,3,8,4,10,0,0.0,0.0,0,0,0,0,0,0,12,5.96,6.54,3,0,4,0,0,0,,,,,,,,,,,,,,,,,,,0,0,6.54,n_d,0,32,,,16,11.33,indisponibile,"l'ala offensiva dei lariani vittima della rottura tendine d'Achille, proverà a recuperare dalla seconda metà di settembre.",2026-09-18
5449,Parisi,FIO,ds/e,d,4,10,4,10,0,0.0,0.0,0,0,0,0,0,0,23,6.02,5.98,1,1,6,0,0,0,20,6.0,6.22,2,0,3,0,0,0,21,5.69,5.64,0,1,4,0,0,0,0,0,5.98,crescente,0,61,53,55,42,9.67,indisponibile,"il cursore di fascia della Viola sta svolgendo l'iter di recupero dall'infortunio al legamento crociato al ginocchio, punta a tornare convocabile da novembre.",2026-09-18
5757,Cittadini,FRO,dc,d,4,11,4,11,4,5.75,5.62,0,0,1,0,0,0,,,,,,,,,,,,,,,,,,,3,6.0,5.83,0,0,1,0,0,0,0,1,,n_d,100,,,8,54,19.33,,,
7473,Cichella,FRO,m/c,c,4,15,4,12,2,5.75,5.75,0,0,0,0,0,0,,,,,,,,,,,,,,,,,,,,,,,,,,,,1,,,n_d,50,,,,50,19.33,,,
7341,Amorim,GEN,m/c,c,5,13,4,11,2,6.0,6.0,0,0,1,0,0,0,9,5.72,5.67,0,0,1,0,0,0,,,,,,,,,,,,,,,,,,,0,0,5.67,n_d,50,24,,,37,13.33,,,
7409,Meichtry,GEN,w/t,c,4,11,4,11,2,5.5,5.5,0,0,0,0,0,0,,,,,,,,,,,,,,,,,,,,,,,,,,,,1,,,n_d,50,,,,50,13.33,,,
2857,Traorè Hj.,GEN,w/t,c,4,9,4,9,0,0.0,0.0,0,0,0,0,0,0,,,,,,,,,,,,,,,,,,,8,5.81,5.75,0,0,1,0,0,0,0,1,5.75,n_d,0,,,21,10,13.33,,,
5301,Luis Henrique,INT,e/w,c,5,14,4,12,2,6.0,6.0,0,0,0,0,0,0,27,5.89,6.06,1,2,1,0,0,0,,,,,,,,,,,,,,,,,,,0,0,6.06,n_d,50,71,,,60,1.33,,,
2529,Mkhitaryan,INT,c,c,4,9,4,9,1,6.0,5.5,0,0,1,0,0,0,28,6.21,6.59,4,1,5,0,0,0,32,6.06,6.25,1,5,4,0,0,0,36,6.40,6.68,2,6,4,0,0,0,0,0,6.51,stabile,25,74,84,95,70,1.33,,,
4911,Douglas Luiz,JUV,c,c,4,13,4,13,4,5.38,5.25,0,0,1,0,0,0,0,0.0,0.0,0,0,0,0,0,0,15,5.87,5.8,0,0,2,0,0,0,,,,,,,,,,0,0,5.8,n_d,100,0,39,,46,4.33,,,
7012,Provstgaard,LAZ,dc,d,4,12,4,12,4,5.88,5.75,0,0,1,0,0,0,23,5.91,5.85,0,0,3,0,0,0,1,6.5,6.5,0,0,1,0,0,0,,,,,,,,,,0,0,5.85,n_d,100,61,3,,55,7.67,,,
7131,Floriani Mussolini,LAZ,dd/e,d,4,11,4,11,4,5.88,5.75,0,0,1,0,0,0,23,5.72,5.72,0,1,2,0,0,0,,,,,,,,,,,,,,,,,,,0,1,5.72,n_d,100,61,,,80,7.67,,,
6629,Dele-Bashiru,LAZ,c/t,c,4,13,4,13,1,5.5,5.5,0,0,0,0,0,0,21,5.69,5.83,1,0,0,0,0,0,17,6.06,6.65,3,1,0,0,0,0,,,,,,,,,,0,0,6.14,calante,25,55,45,,42,7.67,,,
6632,Gaspar K.,LEC,dc,d,4,12,4,12,3,5.33,5.0,0,0,2,0,0,0,21,5.83,5.64,0,0,6,1,0,0,24,6.17,6.15,0,1,3,0,0,0,,,,,,,,,,0,0,5.83,calante,75,55,63,,64,16.0,,,
5457,Maleh,LEC,m/c,c,4,9,4,7,4,6.0,6.0,0,0,0,0,0,0,21,5.69,5.71,1,0,3,1,0,0,22,5.82,5.75,0,1,3,1,0,0,34,5.79,5.66,0,1,11,0,0,0,0,1,5.71,stabile,100,55,58,89,76,16.0,,,
7322,Ngom,LEC,m/c,c,5,15,4,12,4,5.62,5.5,0,0,1,0,0,0,13,5.69,5.65,0,0,1,0,0,0,,,,,,,,,,,,,,,,,,,0,0,5.65,n_d,100,34,,,67,16.0,,,
6015,Berisha M.,LEC,c/t,c,4,12,4,12,0,0.0,0.0,0,0,0,0,0,0,12,6.17,6.92,2,3,0,0,0,0,14,6.07,5.96,0,1,5,0,0,0,,,,,,,,,,0,0,6.56,crescente,0,32,37,,23,16.0,indisponibile,Il centrocampista ha lamentato un sovraccarico muscolare alla gamba e non ha preso parte al match di domenica scorsa in casa contro il Monza. Da valutare in settimana verso la sfida contro il Milan in trasferta nella 5a giornata di campionato.,2026-09-18
7318,Gandelman,LEC,c/t,c,4,10,4,10,0,0.0,0.0,0,0,0,0,0,0,16,5.97,6.41,2,1,0,0,0,0,,,,,,,,,,,,,,,,,,,0,0,6.41,n_d,0,42,,,21,16.0,indisponibile,"Il centrocampista fuori causa domenica scorsa contro il Monza per noie fisiche. Da valutare in vista della prossima giornata di campionato, domenica sera a Milano contro i rossoneri.",2026-09-18
7001,N'Dri,LEC,w/a,a,5,11,4,10,4,5.88,5.75,0,0,1,0,0,0,17,5.82,6.09,2,0,3,0,0,0,7,5.86,5.86,0,0,0,0,0,0,,,,,,,,,,0,0,6.0,stabile,100,45,18,,54,16.0,,,
4199,Loftus-Cheek,MIL,c/t,c,4,15,4,15,4,5.75,5.62,0,0,1,0,0,0,21,6.10,6.52,3,1,2,0,0,0,18,5.86,5.78,0,0,3,0,0,0,29,6.12,6.69,6,1,5,0,0,0,0,0,6.33,stabile,100,55,47,76,70,5.0,,,
6519,Camarda,MIL,pc,a,3,12,4,15,0,0.0,0.0,0,0,0,0,0,0,18,5.67,5.64,1,0,1,0,0,0,6,5.92,5.92,0,0,0,0,0,0,0,0.0,0.0,0,0,0,0,0,0,0,1,5.75,stabile,0,47,16,0,16,5.0,,,
4485,Thiam,MON,por,p,4,4,4,4,3,5.17,2.83,0,0,0,0,7,0,,,,,,,,,,,,,,,,,,,,,,,,,,,,1,,,n_d,75,,,,75,17.33,,,
6659,Lucchesi,MON,dc,d,4,11,4,11,4,5.5,5.25,0,0,2,0,0,0,,,,,,,,,,0,0.0,0.0,0,0,0,0,0,0,,,,,,,,,,0,1,,n_d,100,,0,,50,17.33,,,
7238,Kouadio,MON,dd/dc,d,4,10,4,14,4,5.62,5.5,0,0,1,0,0,0,1,6.0,6.0,0,0,0,0,0,0,,,,,,,,,,,,,,,,,,,0,1,,n_d,100,3,,,52,17.33,,,
4925,Carboni A.,MON,ds/dc,d,4,11,4,9,4,5.62,5.62,0,0,0,0,0,0,,,,,,,,,,26,5.63,5.62,0,2,5,0,0,0,21,5.88,6.0,1,0,1,0,0,0,0,0,5.77,calante,100,,68,55,74,17.33,,,
5840,Olivera,NAP,b/ds/e,d,5,12,4,10,1,5.0,5.0,0,0,0,0,0,0,22,5.75,5.68,0,0,3,0,0,0,30,6.08,6.05,0,1,4,0,0,0,22,5.82,5.89,1,0,3,0,0,0,0,0,5.83,stabile,25,58,79,58,55,4.33,,,
6252,Folorunsho,MON,c/t,c,4,15,4,15,3,5.5,5.33,0,0,1,0,0,0,26,6.04,6.21,2,0,3,0,0,0,13,5.96,5.77,0,0,5,0,0,0,33,6.0,6.41,5,1,5,0,0,0,0,1,6.12,stabile,75,68,34,87,66,17.33,,,
7120,Lang,NAP,a,a,4,13,4,13,3,5.83,5.83,0,0,0,0,0,0,14,6.04,6.32,1,2,2,0,0,0,,,,,,,,,,,,,,,,,,,0,0,6.32,n_d,75,37,,,56,4.33,,,
7235,Troilo,PAR,dc,d,4,14,4,14,4,5.75,5.62,0,0,1,0,0,0,21,5.79,5.71,1,0,5,2,0,0,,,,,,,,,,,,,,,,,,,0,0,5.71,n_d,100,55,,,78,16.33,,,
5307,Valenti,PAR,dc,d,4,10,4,10,1,6.0,6.0,0,0,0,0,0,0,27,5.96,5.83,0,0,7,0,0,0,20,5.85,5.85,1,0,4,1,0,0,,,,,,,,,,0,0,5.84,stabile,25,71,53,,50,16.33,,,
7255,Britschgi,PAR,dd/ds/e,d,5,12,4,12,3,6.0,6.0,0,0,0,0,0,0,28,5.75,5.70,0,2,5,1,0,0,,,,,,,,,,,,,,,,,,,0,0,5.7,n_d,75,74,,,74,16.33,,,
7213,Frigan,PAR,a,a,4,6,4,6,2,5.5,5.5,0,0,0,0,0,0,0,0.0,0.0,0,0,0,0,0,0,,,,,,,,,,,,,,,,,,,0,0,,n_d,50,0,,,25,16.33,,,
6986,Rensch,ROM,b/dd/e,d,5,16,4,14,0,0.0,0.0,0,0,0,0,0,0,19,6.16,6.5,1,4,1,0,0,0,8,6.06,6.19,0,1,0,0,0,0,,,,,,,,,,0,0,6.38,crescente,0,50,21,,24,4.67,,,
6005,Ilkhan,TOR,m/c,c,4,10,4,8,2,5.5,5.5,0,0,0,0,0,0,17,5.82,6.0,1,2,2,1,0,0,,,,,,,,,,0,0.0,0.0,0,0,0,0,0,0,0,0,6.0,n_d,50,45,,0,32,10.67,,,
5820,Bertola,UDI,dd/ds/dc,d,6,10,4,9,2,5.75,5.75,0,0,1,0,0,0,25,5.86,5.84,0,1,3,0,0,0,,,,,,,,,,,,,,,,,,,0,0,5.84,n_d,50,66,,,58,12.33,,,
7208,Miller L.,UDI,m/c,c,4,15,4,12,4,5.88,5.75,0,0,1,0,0,0,19,5.92,5.95,0,2,4,0,0,0,,,,,,,,,,,,,,,,,,,0,0,5.95,n_d,100,50,,,75,12.33,,,
6890,Moreno M.,VEN,dc,d,4,6,4,6,2,5.25,5.0,0,0,1,0,0,0,,,,,,,,,,3,5.67,5.67,0,0,0,0,0,0,,,,,,,,,,0,1,,n_d,50,,8,,29,19.67,,,
6681,Sagrado,VEN,dd/e,d,4,4,4,4,2,6.0,7.5,1,0,0,0,0,0,,,,,,,,,,3,5.5,5.33,0,0,1,0,0,0,,,,,,,,,,0,0,,n_d,50,,8,,29,19.67,,,
4387,Adorante,VEN,pc,a,3,5,4,5,0,0.0,0.0,0,0,0,0,0,0,,,,,,,,,,,,,,,,,,,,,,,,,,,,1,,,n_d,0,,,,0,19.67,indisponibile,"l'attaccante a fine luglio ha deciso di operarsi per un problema alla schiena, che lo costringerà a stare ai box per buona parte del girone d'andata del campionato. Tentativo di rientro da metà ottobre.",2026-09-18
7550,Grillitsch,FRO,m/c,c,4,13,4,10,0,0.0,0.0,0,0,0,0,0,0,,,,,,,,,,,,,,,,,,,,,,,,,,,,1,,,n_d,0,,,,0,19.33,indisponibile,il centrocampista non convocato per Genova a causa di una sindrome retto-adduttoria. Salterà anche la sfida contro il Como in programma domenica e dovrebbe tornare arruolabile dalla 6a giornata di A.,2026-09-18
4375,Terzic,FRO,ds/e,d,4,5,4,5,2,5.75,5.75,0,0,0,0,0,0,,,,,,,,,,,,,,,,,,,,,,,,,,,,1,,,n_d,50,,,,50,19.33,indisponibile,"Il terzino dei ciociari ai box per una lesione di basso grado del bicipite femorale della coscia sinistra, recuperabile dall'inizio di ottobre.",2026-09-18
2012,Milik,JUV,pc,a,3,3,4,3,0,0.0,0.0,0,0,0,0,0,0,2,6.0,6.0,0,0,0,0,0,0,0,0.0,0.0,0,0,0,0,0,0,24,6.0,6.46,4,1,2,1,0,0,0,0,6.46,n_d,0,5,0,63,17,4.33,,,
7573,Cinquegrano,SAS,dd/e,d,4,10,4,10,4,6.0,6.25,0,1,0,0,0,0,,,,,,,,,,,,,,,,,,,,,,,,,,,,1,,,n_d,100,,,,100,16.67,,,
7602,Fatah,LEC,w/a,a,5,8,4,8,3,5.67,5.67,0,0,0,0,0,0,,,,,,,,,,,,,,,,,,,,,,,,,,,,1,,,n_d,75,,,,75,16.0,,,
7610,Birligea,FRO,pc,a,4,7,4,7,0,0.0,0.0,0,0,0,0,0,0,,,,,,,,,,,,,,,,,,,,,,,,,,,,1,,,n_d,0,,,,0,19.33,,,
6145,Ngonge,MON,a,a,4,12,4,12,0,0.0,0.0,0,0,0,0,0,0,17,5.82,6.0,1,1,2,0,0,0,6,5.75,5.67,0,0,2,0,0,0,28,6.14,6.86,7,2,6,0,0,0,0,1,6.07,calante,0,45,16,74,34,17.33,,,
7579,Massolin,CAG,c/t,c,4,12,4,12,0,0.0,0.0,0,0,0,0,0,0,,,,,,,,,,,,,,,,,,,,,,,,,,,,1,,,n_d,0,,,,0,15.0,,,
256,Juan Jesus,VEN,ds/dc,d,5,12,4,10,1,6.0,6.0,0,0,0,0,0,0,21,5.86,5.62,0,0,8,1,0,0,13,5.81,5.81,0,1,2,0,0,0,24,5.69,5.67,1,0,7,0,0,0,0,1,5.69,stabile,25,55,34,63,44,19.67,,,
5336,Nzola,CAG,pc,a,4,10,4,10,0,0.0,0.0,0,0,0,0,0,0,27,5.96,6.26,4,1,2,1,0,0,0,0.0,0.0,0,0,0,0,0,0,29,5.74,6.09,3,2,2,0,0,0,0,1,6.21,stabile,0,71,0,76,37,15.0,,,
6047,Ehizibue,GEN,dd/e,d,4,10,4,10,2,5.75,5.5,0,0,1,0,0,0,26,5.83,5.96,2,0,5,0,0,0,31,5.85,5.81,0,1,5,0,0,0,20,5.88,5.82,0,1,4,0,0,0,0,1,5.89,stabile,50,68,82,53,63,13.33,,,
5578,Kossounou,ATA,dd/dc,d,3,12,3,12,4,5.5,5.5,0,0,0,0,0,0,16,5.94,6.09,1,0,1,0,0,0,17,5.94,5.91,0,0,1,0,0,0,,,,,,,,,,0,0,6.02,stabile,100,42,45,,62,4.67,,,
6024,Sulemana I.,SAS,m/c,c,3,8,3,7,1,6.0,6.0,0,0,0,0,0,0,18,5.69,5.78,1,0,3,0,0,0,6,6.17,7.08,2,0,1,0,0,0,19,5.89,6.13,2,0,4,0,0,0,0,1,6.24,calante,25,47,16,50,34,16.67,,,
7326,Helland,BOL,dd/dc,d,3,12,3,12,2,6.0,6.0,0,0,0,0,0,0,6,5.5,5.33,0,0,2,0,0,0,,,,,,,,,,,,,,,,,,,0,0,5.33,n_d,50,16,,,33,7.33,,,
7014,Smolcic I.,COM,dd/e,d,3,10,3,10,1,5.5,5.5,0,0,0,0,0,0,25,5.96,5.84,0,1,8,0,0,0,8,5.81,5.75,0,0,2,0,0,0,,,,,,,,,,0,0,5.81,stabile,25,66,21,,37,11.33,,,
5603,Pongracic,FIO,dc,d,3,8,3,8,1,5.0,5.0,0,0,0,0,0,0,35,5.84,5.67,0,0,12,0,0,0,17,5.85,5.65,0,0,1,1,0,0,36,5.94,5.81,0,0,8,1,0,0,0,0,5.69,stabile,25,92,45,95,64,9.67,,,
4378,Ranieri L.,FIO,ds/dc,d,3,12,3,10,2,5.5,5.5,0,0,0,0,0,0,31,5.85,5.79,1,0,8,1,0,0,36,5.92,5.96,1,2,7,0,0,0,25,5.86,5.88,2,1,14,0,0,0,0,0,5.86,stabile,50,82,95,66,73,9.67,,,
4947,Brescianini,FIO,c/t,c,3,11,3,11,3,5.67,5.67,0,0,0,0,0,0,18,5.97,6.31,2,1,2,0,0,0,23,6.13,6.72,4,2,1,0,0,0,35,6.09,6.44,4,1,1,0,0,0,0,0,6.46,stabile,75,47,61,92,69,9.67,,,
6206,Fabbian,PAR,c/t,c,3,12,3,12,1,5.5,5.5,0,0,0,0,0,0,22,5.80,6.05,2,0,2,0,0,0,22,6.09,6.48,3,0,2,0,0,0,22,6.23,6.86,5,1,4,0,0,0,0,1,6.34,calante,25,58,58,58,50,16.33,,,
6903,Hasa,FRO,c/t,c,3,5,3,5,2,6.0,6.0,0,0,0,0,0,0,,,,,,,,,,0,0.0,0.0,0,0,0,0,0,0,,,,,,,,,,0,1,,n_d,50,,0,,25,19.33,,,
7537,Mitaj,GEN,ds/e,d,3,7,3,7,0,0.0,0.0,0,0,0,0,0,0,,,,,,,,,,,,,,,,,,,,,,,,,,,,1,,,n_d,0,,,,0,13.33,,,
7453,Havel,GEN,pc,a,2,5,3,5,0,0.0,0.0,0,0,0,0,0,0,,,,,,,,,,,,,,,,,,,,,,,,,,,,1,,,n_d,0,,,,0,13.33,indisponibile,L'attaccante ha deciso di operarsi alla caviglia e dovrebbe tornare arruolabile dalla metà di ottobre.,2026-09-18
6191,Belahyane,LAZ,m/c,c,3,3,3,3,3,6.33,6.17,0,0,1,0,0,0,11,5.77,5.82,0,2,1,1,0,0,26,5.77,5.69,0,2,4,2,0,0,2,6.25,6.25,0,0,0,0,0,0,0,0,5.77,stabile,75,29,68,5,44,7.67,,,
333,Cataldi,LAZ,m/c,c,4,13,3,10,0,0.0,0.0,0,0,0,0,0,0,27,6.07,6.41,3,3,6,0,0,0,24,6.04,6.40,3,0,1,0,0,0,22,5.98,5.95,1,0,8,0,0,0,0,0,6.32,crescente,0,71,63,58,48,7.67,,,
7248,Gorter,LEC,m/c,c,3,15,3,12,2,6.0,7.5,1,0,0,0,0,0,1,5.5,5.5,0,0,0,0,0,0,,,,,,,,,,,,,,,,,,,0,0,,n_d,50,3,,,26,16.0,,,
5273,Estupinan,MIL,ds/e,d,3,13,3,13,3,5.67,5.5,0,0,1,0,0,0,14,5.64,5.71,1,1,5,1,0,0,,,,,,,,,,,,,,,,,,,0,0,5.71,n_d,75,37,,,56,5.0,,,
5453,Ricci S.,COM,m/c,c,3,15,3,12,0,0.0,0.0,0,0,0,0,0,0,28,6.0,6.18,1,3,3,0,0,0,34,6.06,6.03,1,1,8,1,0,0,30,5.9,5.87,1,0,6,1,0,0,0,1,6.07,crescente,0,74,89,79,60,11.33,,,
5131,Gilmour,NAP,m/c,c,3,10,3,10,1,6.0,6.0,0,0,0,0,0,0,13,6.08,6.27,1,0,1,0,0,0,17,6.0,6.06,0,1,0,0,0,0,,,,,,,,,,0,0,6.19,stabile,25,34,45,,35,4.33,,,
7162,Giovane,NAP,a,a,3,3,3,3,0,0.0,0.0,0,0,0,0,0,0,31,6.0,6.45,3,6,2,0,0,0,,,,,,,,,,,,,,,,,,,0,0,6.45,n_d,0,82,,,41,4.33,indisponibile,L'attaccante operato il 3 settembre a causa di un'ernia inguinale e recuperabile dall'inizio di ottobre.,2026-09-18
6215,Lucca,NAP,pc,a,3,10,3,12,3,5.83,5.83,0,0,0,0,0,0,9,5.72,6.0,1,0,1,0,0,0,33,6.11,7.05,12,0,10,0,0,0,34,6.04,6.75,8,3,6,0,0,0,0,0,6.46,calante,75,24,87,89,69,4.33,,,
6662,Corvi,PAR,por,p,3,10,3,10,4,6.12,4.62,0,0,0,0,6,0,17,6.18,5.09,0,0,1,0,18,0,0,0.0,0.0,0,0,0,0,0,0,,,,,,,,,,0,0,5.09,n_d,100,45,0,,48,16.33,,,
7138,Ordonez C.,PAR,m/c,c,3,13,3,10,3,5.83,5.83,0,0,0,0,0,0,21,5.79,5.81,1,0,3,1,0,0,,,,,,,,,,,,,,,,,,,0,0,5.81,n_d,75,55,,,65,16.33,,,
7536,Diallo O.,PAR,w/a,c,2,10,3,12,1,6.0,6.0,0,0,0,0,0,0,,,,,,,,,,,,,,,,,,,,,,,,,,,,1,,,n_d,25,,,,25,16.33,,,
7342,Elphege,PAR,pc,a,3,10,3,10,2,5.5,5.5,0,0,0,0,0,0,8,6.0,6.88,2,1,0,0,0,0,,,,,,,,,,,,,,,,,,,0,0,6.88,n_d,50,21,,,36,16.33,,,
4374,Walukiewicz,SAS,dd/dc,d,3,12,3,10,0,0.0,0.0,0,0,0,0,0,0,34,5.81,5.74,0,1,7,0,0,0,28,5.73,5.64,0,0,6,0,0,0,27,5.76,5.65,0,0,6,0,0,0,0,0,5.69,stabile,0,89,74,71,58,16.67,indisponibile,"Il difensore alle prese con un forte trauma contusivo alla gamba destra, da valutare il rientro dalla fine di settembre.",2026-09-18
6246,Lipani,SAS,m/c,c,3,5,3,5,2,6.25,6.0,0,0,1,0,0,0,21,5.93,5.90,0,1,3,0,0,0,,,,,,,,,,7,6.0,6.0,0,0,0,0,0,0,0,0,5.93,stabile,50,55,,18,41,16.67,,,
5007,Ilic,LEC,m/c,c,3,21,3,16,3,5.83,6.33,0,2,1,0,0,0,8,6.0,5.88,0,0,2,0,0,0,16,5.91,5.97,1,0,4,0,0,0,28,6.07,6.38,3,1,3,0,0,0,0,1,6.01,calante,75,21,42,74,53,16.0,,,
7183,Aboukhlal,TOR,w/a,c,2,4,3,5,2,5.5,5.5,0,0,0,0,0,0,11,5.77,5.64,0,0,4,0,0,0,,,,,,,,,,,,,,,,,,,0,0,5.64,n_d,50,29,,,40,10.67,,,
7349,Kulenovic,TOR,pc,a,2,7,3,7,1,5.5,5.5,0,0,0,0,0,0,7,5.71,5.79,0,1,2,0,0,0,,,,,,,,,,,,,,,,,,,0,0,5.79,n_d,25,18,,,22,10.67,,,
4263,Kabasele,UDI,dc,d,3,12,3,12,2,5.0,5.0,0,0,0,0,0,0,28,5.98,6.18,3,0,5,1,0,0,16,5.84,6.22,2,0,0,0,0,0,10,5.75,5.8,1,0,5,0,0,0,0,0,6.12,crescente,50,74,42,26,48,12.33,,,
5994,Ebosse,UDI,ds/dc,d,3,5,3,5,4,5.62,5.62,0,0,0,0,0,0,16,5.75,5.72,0,1,4,0,0,0,2,5.5,5.25,0,0,1,0,0,0,0,0.0,0.0,0,0,0,0,0,0,0,1,5.72,n_d,100,42,5,0,37,12.33,,,
5527,Zanoli,UDI,dd/e,d,3,10,3,10,0,0.0,0.0,0,0,0,0,0,0,19,6.05,6.29,1,2,1,0,0,0,27,5.91,5.96,1,0,3,0,0,0,18,5.83,5.75,0,2,4,0,0,0,0,0,6.08,crescente,0,50,71,47,42,12.33,,,
7312,Arizala,UDI,ds/e,d,3,8,3,8,0,0.0,0.0,0,0,0,0,0,0,5,5.8,5.8,0,0,0,0,0,0,,,,,,,,,,,,,,,,,,,0,0,5.8,n_d,0,13,,,6,12.33,indisponibile,"il difensore fermo dal 6 settembre vittima di una lesione muscolare al bicipite femorale. Condizioni da valutare, ma dovrebbe tornare convocabile dalla prima metà di ottobre.",2026-09-18
7154,Odenthal,SAS,dc,d,3,7,3,7,1,7.0,10.0,1,0,0,0,0,0,0,0.0,0.0,0,0,0,0,0,0,,,,,,,,,,,,,,,,,,,0,0,,n_d,25,0,,,12,16.67,,,
7599,Lulli,ROM,e,d,3,10,3,10,4,6.25,6.25,0,0,0,0,0,0,,,,,,,,,,,,,,,,,,,,,,,,,,,,1,,,n_d,100,,,,100,4.67,,,
801,Gagliardini,CAG,m/c,c,4,9,3,8,1,5.5,5.5,0,0,0,0,0,0,29,5.91,5.84,1,0,10,0,0,0,6,5.67,5.58,0,0,1,0,0,0,32,5.88,5.92,1,1,5,0,0,0,0,1,5.78,stabile,25,76,16,84,50,15.0,,,
5742,Drameh,GEN,dd/ds/e,d,4,10,3,9,0,0.0,0.0,0,0,0,0,0,0,,,,,,,,,,,,,,,,,,,,,,,,,,,,1,,,n_d,0,,,,0,13.33,,,
7232,Fernandez T.,VEN,t/a,c,2,6,3,8,1,6.0,6.0,0,0,0,0,0,0,,,,,,,,,,,,,,,,,,,,,,,,,,,,1,,,n_d,25,,,,25,19.67,,,
7172,Pessina Mas.,BOL,por,p,2,1,2,1,1,6.0,5.0,0,0,0,0,1,0,4,6.12,5.62,0,0,0,0,2,0,,,,,,,,,,,,,,,,,,,0,0,,n_d,25,11,,,18,7.33,,,
5498,Casale,BOL,dc,d,2,5,2,5,0,0.0,0.0,0,0,0,0,0,0,10,5.65,5.65,0,0,0,0,0,0,15,5.63,5.53,0,1,1,0,0,0,19,5.68,5.55,0,0,5,0,0,0,0,0,5.59,stabile,0,26,39,50,29,7.33,,,
7483,Alhassane,BOL,ds/e,d,2,6,2,6,2,5.75,5.75,0,0,0,0,0,0,,,,,,,,,,,,,,,,,,,,,,,,,,,,1,,,n_d,50,,,,50,7.33,,,
6225,El Azzouzi O.,BOL,m/c,c,2,12,2,10,1,5.0,4.5,0,0,1,0,0,0,0,0.0,0.0,0,0,0,0,0,0,0,0.0,0.0,0,0,0,0,0,0,9,6.11,6.83,2,2,4,0,0,0,0,0,6.83,n_d,25,0,0,24,12,7.33,,,
7125,Idrissi R.,CAG,ds/e,d,2,3,2,3,0,0.0,0.0,0,0,0,0,0,0,17,5.82,6.09,2,0,3,0,0,0,,,,,,,,,,,,,,,,,,,0,0,6.09,n_d,0,45,,,22,15.0,indisponibile,"il calciatore in ripresa dalla rottura del legamento crociato, può tornare arruolabile dalla fine di ottobre.",2026-09-18
7175,Joao Mario,FIO,dd/e,d,2,12,2,12,2,5.25,5.25,0,0,0,0,0,0,14,5.79,6.0,1,1,2,0,0,0,,,,,,,,,,,,,,,,,,,0,1,6.0,n_d,50,37,,,44,9.67,,,
7540,Akpoguma,FRO,dc,d,2,6,2,6,0,0.0,0.0,0,0,0,0,0,0,,,,,,,,,,,,,,,,,,,,,,,,,,,,1,,,n_d,0,,,,0,19.33,,,
6241,Gelli F.,FRO,c/t,c,2,6,2,6,0,0.0,0.0,0,0,0,0,0,0,,,,,,,,,,,,,,,,,,,20,5.85,5.78,0,0,3,0,0,0,0,0,5.78,n_d,0,,,53,26,19.33,,,
6977,Otoa,GEN,dc,d,2,5,2,5,1,4.5,4.5,0,0,0,0,0,0,10,5.6,5.35,0,0,1,0,0,0,3,5.17,4.67,0,0,1,1,0,0,,,,,,,,,,0,0,5.35,n_d,25,26,8,,20,13.33,,,
791,Sabelli,GEN,dd/ds/e,d,2,5,2,5,1,5.0,5.0,0,0,0,0,0,0,13,5.81,5.65,0,0,0,0,0,0,30,5.87,5.9,0,2,3,0,0,0,31,5.92,5.87,0,1,5,0,0,0,0,0,5.77,stabile,25,34,79,82,55,13.33,,,
6503,Stankovic A.,INT,m/c,c,2,9,2,7,0,0.0,0.0,0,0,0,0,0,0,,,,,,,,,,,,,,,,,,,,,,,,,,,,1,,,n_d,0,,,,0,1.33,,,
6822,Ekhator,JUV,a,a,2,7,2,7,0,0.0,0.0,0,0,0,0,0,0,25,5.96,6.28,3,0,3,0,0,0,15,5.87,6.1,1,1,1,0,0,0,,,,,,,,,,0,1,6.21,stabile,0,66,39,,35,4.33,indisponibile,"l'attaccante vittima di una lesione di medio grado del muscolo semitendinoso, a metà settembre verrà sottoposto a nuovi esami medici per stabilire i tempi di recupero (in attesa dei nuovi risultati medici, ipotizziamo un lungo stop e un possibile rientro dalla fine di ottobre).",2026-09-18
7476,Bakoune,MON,dd/e,d,2,4,2,4,2,5.75,5.75,0,0,0,0,0,0,,,,,,,,,,,,,,,,,,,,,,,,,,,,1,,,n_d,50,,,,50,17.33,,,
7477,Colombo L.,MON,m/c,c,2,5,2,4,1,5.5,5.0,0,0,1,0,0,0,,,,,,,,,,,,,,,,,,,,,,,,,,,,1,,,n_d,25,,,,25,17.33,,,
6638,Marin R.,NAP,dc,d,2,13,2,13,4,5.5,5.38,0,0,1,0,0,0,,,,,,,,,,3,6.0,5.83,0,0,1,0,0,0,,,,,,,,,,0,0,,n_d,100,,8,,54,4.33,,,
7276,Cremaschi,PAR,e/c,c,2,3,2,3,1,5.5,5.5,0,0,0,0,0,0,1,6.0,6.0,0,0,0,0,0,0,,,,,,,,,,,,,,,,,,,0,0,,n_d,25,3,,,14,16.33,,,
6985,Candè,SAS,ds/dc,d,2,8,2,7,0,0.0,0.0,0,0,0,0,0,0,8,5.69,5.56,0,0,2,0,0,0,17,5.76,5.82,1,0,4,0,0,0,,,,,,,,,,0,0,5.66,stabile,0,21,45,,22,16.67,indisponibile,"il difensore a gennaio vittima della rottura legamento crociato anteriore ginocchio destro, punta a tornare convocabile dalla fine di settembre.",2026-09-18
6925,Palma,UDI,dc,d,2,11,2,11,1,6.5,6.5,0,0,0,0,0,0,4,5.5,5.5,0,0,0,0,0,0,,,,,,,,,,,,,,,,,,,0,0,,n_d,25,11,,,18,12.33,indisponibile,il difensore nel primo turno di A contro il Como costretto al cambio per un lieve problema muscolare all'adduttore della coscia destra che lo terrà ai box fino alla fine di settembre.,2026-09-18
6212,Zarraga,UDI,m/c,c,2,4,2,4,2,5.75,5.75,0,0,0,0,0,0,10,5.75,5.7,0,0,2,0,0,0,18,5.78,5.94,1,0,0,0,0,0,7,6.07,6.93,2,0,0,0,0,0,0,0,6.02,calante,50,26,47,18,35,12.33,,,
7418,Chakvetadze,UDI,w/t,c,2,6,2,6,1,5.5,5.5,0,0,0,0,0,0,,,,,,,,,,,,,,,,,,,,,,,,,,,,1,,,n_d,25,,,,25,12.33,,,
7538,Halhal,VEN,dc,d,2,10,2,10,2,4.75,3.5,0,0,1,0,0,0,,,,,,,,,,,,,,,,,,,,,,,,,,,,1,,,n_d,50,,,,50,19.67,,,
6892,Schingtienne,VEN,dc,d,2,10,2,10,4,5.25,5.0,0,0,2,0,0,0,,,,,,,,,,15,5.7,5.63,0,0,2,0,0,0,,,,,,,,,,0,0,5.63,n_d,100,,39,,70,19.67,,,
6673,Sverko,VEN,ds/dc,d,2,7,2,7,0,0.0,0.0,0,0,0,0,0,0,,,,,,,,,,14,5.75,5.86,1,0,3,0,0,0,,,,,,,,,,0,0,5.86,n_d,0,,37,,18,19.67,indisponibile,il difensore operato in estate per il perdurare di un problema all'anca e recuperabile da fine ottobre.,2026-09-18
7478,Franjic,VEN,b/ds/e,d,2,7,2,7,2,5.75,5.75,0,0,0,0,0,0,,,,,,,,,,,,,,,,,,,,,,,,,,,,1,,,n_d,50,,,,50,19.67,indisponibile,il difensore costretto al cambio a Milano contro i rossoneri a fine agosto per un guaio alla spalla che ha richiesto l'intervento chirurgico. Lungo stop e rientro dalla metà di dicembre.,2026-09-18
5872,Helgason,VEN,c/t,c,2,3,2,3,1,5.5,5.5,0,0,0,0,0,0,4,5.62,5.62,0,0,0,0,0,0,17,6.03,6.26,0,4,0,0,0,0,0,0.0,0.0,0,0,0,0,0,0,0,1,6.26,n_d,25,11,45,0,20,19.67,,,
7482,Lauberbach,VEN,pc,a,2,1,2,1,1,5.5,5.5,0,0,0,0,0,0,,,,,,,,,,,,,,,,,,,,,,,,,,,,1,,,n_d,25,,,,25,19.67,,,
6592,Forson O.,MON,w/t,c,2,1,2,1,3,5.83,5.83,0,0,0,0,0,0,,,,,,,,,,6,5.67,5.67,0,0,0,0,0,0,,,,,,,,,,0,0,5.67,n_d,75,,16,,46,17.33,,,
6537,Goglichidze,MON,dd/dc,d,3,7,2,5,0,0.0,0.0,0,0,0,0,0,0,6,5.75,5.58,0,0,2,0,0,0,33,5.76,5.71,0,1,3,1,0,0,0,0.0,0.0,0,0,0,0,0,0,0,1,5.63,stabile,0,16,87,0,26,17.33,,,
7574,Foe Ondoa,MON,c,c,2,2,2,2,1,5.5,5.5,0,0,0,0,0,0,,,,,,,,,,,,,,,,,,,,,,,,,,,,1,,,n_d,25,,,,25,17.33,,,
7605,Tchato,FRO,dd/e,d,2,6,2,6,0,0.0,0.0,0,0,0,0,0,0,,,,,,,,,,,,,,,,,,,,,,,,,,,,1,,,n_d,0,,,,0,19.33,,,
6601,Kambwala,COM,dd/dc,d,3,8,2,7,0,0.0,0.0,0,0,0,0,0,0,,,,,,,,,,,,,,,,,,,,,,,,,,,,1,,,n_d,0,,,,0,11.33,,,
7615,Drobnic,PAR,dc,d,2,1,2,1,1,5.5,5.5,0,0,0,0,0,0,,,,,,,,,,,,,,,,,,,,,,,,,,,,1,,,n_d,25,,,,25,16.33,,,
7092,Jovanovic,UDI,w/t,c,2,5,2,5,0,0.0,0.0,0,0,0,0,0,0,,,,,,,,,,,,,,,,,,,,,,,,,,,,1,,,n_d,0,,,,0,12.33,,,
7627,Enem,BOL,pc,a,2,4,2,4,0,0.0,0.0,0,0,0,0,0,0,,,,,,,,,,,,,,,,,,,,,,,,,,,,1,,,n_d,0,,,,0,7.33,,,
7628,Sierro,PAR,m/c,c,2,1,2,1,1,5.5,5.5,0,0,0,0,0,0,,,,,,,,,,,,,,,,,,,,,,,,,,,,1,,,n_d,25,,,,25,16.33,,,
4,Sportiello,ATA,por,p,1,1,1,1,0,0.0,0.0,0,0,0,0,0,0,1,5.5,4.5,0,0,0,0,1,0,2,6.0,5.0,0,0,0,0,2,0,7,6.14,4.57,0,0,0,0,11,0,0,0,4.57,n_d,0,3,5,18,6,4.67,,,
7533,Happonen,BOL,por,p,1,1,1,1,0,0.0,0.0,0,0,0,0,0,0,,,,,,,,,,,,,,,,,,,,,,,,,,,,1,,,n_d,0,,,,0,7.33,,,
487,De Silvestri,BOL,dd/e,d,1,4,1,4,0,0.0,0.0,0,0,0,0,0,0,10,6.05,5.95,0,0,2,0,0,0,16,5.91,6.06,1,0,1,0,0,0,12,6.17,6.67,2,0,0,0,0,0,0,0,6.13,calante,0,26,42,32,25,7.33,,,
6650,Sherri,CAG,por,p,1,1,1,1,0,0.0,0.0,0,0,0,0,0,0,0,0.0,0.0,0,0,0,0,0,0,7,5.86,4.29,0,0,0,0,11,0,,,,,,,,,,0,0,4.29,n_d,0,0,18,,6,15.0,,,
7165,Liteta,CAG,m/c,c,1,1,1,1,0,0.0,0.0,0,0,0,0,0,0,4,5.75,5.75,0,0,0,0,0,0,,,,,,,,,,,,,,,,,,,0,0,,n_d,0,11,,,6,15.0,,,
7317,Trepy,CAG,pc,a,1,1,1,1,0,0.0,0.0,0,0,0,0,0,0,3,5.67,5.67,0,0,0,0,0,0,,,,,,,,,,,,,,,,,,,0,0,,n_d,0,8,,,4,15.0,indisponibile,"Il calciatore ricoverato il 16 agosto dopo che avrebbe rischiato di annegare in piscina. Dimesso poi il 28 agosto, ora condizioni monitorate da parte dello staff medico rossoblù. Da metà settembre ha avuto l'ok per riprendere l'attività agonistica, potrebbe ora tornare convocabile dalla prima metà di ottobre.",2026-09-18
7301,Tornqvist,MON,por,p,1,3,1,3,0,0.0,0.0,0,0,0,0,0,0,0,0.0,0.0,0,0,0,0,0,0,,,,,,,,,,,,,,,,,,,0,1,,n_d,0,0,,,0,17.33,,,
2809,Vigorito,COM,por,p,1,1,1,1,0,0.0,0.0,0,0,0,0,0,0,0,0.0,0.0,0,0,0,0,0,0,0,0.0,0.0,0,0,0,0,0,0,,,,,,,,,,0,0,,n_d,0,0,0,,0,11.33,,,
418,Goldaniga,COM,dc,d,1,1,1,1,0,0.0,0.0,0,0,0,0,0,0,0,0.0,0.0,0,0,0,0,0,0,30,5.83,5.73,1,0,10,1,0,0,13,5.65,5.54,0,0,3,0,0,0,0,0,5.65,stabile,0,0,79,34,28,11.33,,,
6896,Van Der Brempt,SAS,dd/e,d,1,11,1,11,0,0.0,0.0,0,0,0,0,0,0,14,5.96,5.96,0,1,2,0,0,0,18,5.94,5.92,0,1,3,0,0,0,,,,,,,,,,0,1,5.95,stabile,0,37,47,,28,16.67,,,
7357,Lahdo,COM,c/t,c,1,1,1,1,0,0.0,0.0,0,0,0,0,0,0,0,0.0,0.0,0,0,0,0,0,0,,,,,,,,,,,,,,,,,,,0,0,,n_d,0,0,,,0,11.33,,,
6403,Christensen O.,FIO,por,p,1,1,1,1,0,0.0,0.0,0,0,0,0,0,0,1,7.5,6.5,0,0,0,0,1,0,0,0.0,0.0,0,0,0,0,0,0,4,5.5,3.25,0,0,0,0,9,0,0,0,,n_d,0,3,0,11,4,9.67,,,
158,Lezzerini,FIO,por,p,1,1,1,1,0,0.0,0.0,0,0,0,0,0,0,0,0.0,0.0,0,0,0,0,0,0,,,,,,,,,,,,,,,,,,,0,0,,n_d,0,0,,,0,9.67,,,
7463,Desplanches,FRO,por,p,1,1,1,1,0,0.0,0.0,0,0,0,0,0,0,,,,,,,,,,,,,,,,,,,,,,,,,,,,1,,,n_d,0,,,,0,19.33,,,
7466,Lolic,FRO,por,p,1,1,1,1,0,0.0,0.0,0,0,0,0,0,0,,,,,,,,,,,,,,,,,,,,,,,,,,,,1,,,n_d,0,,,,0,19.33,,,
5424,Amey,FRO,dc,d,1,1,1,1,0,0.0,0.0,0,0,0,0,0,0,,,,,,,,,,,,,,,,,,,0,0.0,0.0,0,0,0,0,0,0,0,1,,n_d,0,,,0,0,19.33,,,
7456,El Azzouzi A.,FRO,m/c,c,1,1,1,1,0,0.0,0.0,0,0,0,0,0,0,,,,,,,,,,,,,,,,,,,,,,,,,,,,1,,,n_d,0,,,,0,19.33,,,
5725,Kone B.,FRO,c,c,1,3,1,3,0,0.0,0.0,0,0,0,0,0,0,,,,,,,,,,1,6.0,6.0,0,0,1,0,0,0,,,,,,,,,,0,1,,n_d,0,,3,,2,19.33,,,
219,Sommariva,GEN,por,p,1,1,1,1,0,0.0,0.0,0,0,0,0,0,0,2,5.75,3.75,0,0,0,0,4,0,1,7.0,6.0,0,0,0,0,1,0,0,0.0,0.0,0,0,0,0,0,0,0,0,,n_d,0,5,3,0,2,13.33,,,
6569,Stolz,GEN,por,p,1,1,1,1,0,0.0,0.0,0,0,0,0,0,0,,,,,,,,,,0,0.0,0.0,0,0,0,0,0,0,0,0.0,0.0,0,0,0,0,0,0,0,0,,n_d,0,,0,0,0,13.33,,,
7413,Puczka,GEN,ds/e,d,1,3,1,3,0,0.0,0.0,0,0,0,0,0,0,,,,,,,,,,,,,,,,,,,,,,,,,,,,1,,,n_d,0,,,,0,13.33,,,
6980,Venturino,GEN,w,c,1,4,1,4,0,0.0,0.0,0,0,0,0,0,0,7,5.86,5.86,0,0,0,0,0,0,3,6.83,8.83,2,0,0,0,0,0,,,,,,,,,,0,1,5.86,n_d,0,18,8,,9,13.33,indisponibile,"il calciatore operato al tendine rotuleo e ora in fase di recupero. Di certo assente nel prossimo turno di campionato, ipotesi di rientro da fine ottobre.",2026-09-18
1926,Di Gennaro,INT,por,p,1,1,1,1,0,0.0,0.0,0,0,0,0,0,0,1,6.0,5.0,0,0,0,0,1,0,0,0.0,0.0,0,0,0,0,0,0,1,6.5,6.5,0,0,0,0,0,0,0,0,,n_d,0,3,0,3,2,1.33,,,
2814,Provedel,INT,por,p,1,5,1,5,0,0.0,0.0,0,0,0,0,0,0,27,6.26,5.35,0,0,1,0,27,1,29,5.98,4.53,0,0,0,0,42,0,30,6.23,5.13,0,0,0,0,33,0,0,1,5.06,stabile,0,71,76,79,56,1.33,,,
1930,Pinsoglio,JUV,por,p,1,1,1,1,0,0.0,0.0,0,0,0,0,0,0,0,0.0,0.0,0,0,0,0,0,0,0,0.0,0.0,0,0,0,0,0,0,1,6.5,6.5,0,0,0,0,0,0,0,0,,n_d,0,0,0,3,1,4.33,,,
294,Rugani,JUV,dc,d,1,3,1,3,0,0.0,0.0,0,0,0,0,0,0,8,5.69,5.56,0,0,2,0,0,0,0,0.0,0.0,0,0,0,0,0,0,14,6.11,6.46,2,0,2,0,0,0,0,1,5.82,calante,0,21,0,37,14,4.33,,,
6039,Cabal,JUV,b/ds/e,d,1,4,1,4,0,0.0,0.0,0,0,0,0,0,0,9,5.94,6.56,2,0,1,0,0,0,6,6.33,6.25,0,0,1,0,0,0,19,5.82,5.66,0,0,6,0,0,0,0,0,6.29,crescente,0,24,16,50,22,4.33,indisponibile,"il difensore ai box da inizio settembre per una lesione di basso grado del muscolo semimembranoso della coscia sinistra, recuperabile dalla seconda metà di settembre.",2026-09-18
7337,Motta,LAZ,por,p,1,1,1,1,0,0.0,0.0,0,0,0,0,0,0,9,6.0,5.17,0,0,1,0,10,1,,,,,,,,,,,,,,,,,,,0,0,5.17,n_d,0,24,,,12,7.67,,,
7534,Renzetti,LAZ,por,p,1,1,1,1,0,0.0,0.0,0,0,0,0,0,0,,,,,,,,,,,,,,,,,,,,,,,,,,,,1,,,n_d,0,,,,0,7.67,,,
327,Patric,LAZ,dd/dc,d,1,1,1,1,0,0.0,0.0,0,0,0,0,0,0,10,5.85,5.75,0,0,2,0,0,0,8,5.62,5.88,1,0,2,0,0,0,19,6.08,6.29,2,0,4,0,0,0,0,0,5.9,calante,0,26,21,50,24,7.67,,,
2263,Lazzari,LAZ,dd/e,d,1,5,1,5,0,0.0,0.0,0,0,0,0,0,0,17,5.79,5.74,0,0,2,0,0,0,22,5.89,5.86,0,1,3,0,0,0,24,5.94,5.90,0,2,4,1,0,0,0,0,5.81,stabile,0,45,58,63,42,7.67,,,
2728,Pellegrini Lu.,LAZ,ds/e,d,1,7,1,7,0,0.0,0.0,0,0,0,0,0,0,24,5.85,5.81,1,0,8,0,0,0,19,6.08,6.11,0,3,5,0,0,0,17,5.79,5.76,1,0,5,1,0,0,0,0,5.89,stabile,0,63,50,45,40,7.67,,,
7345,Przyborek,LAZ,w/t,c,1,5,1,5,0,0.0,0.0,0,0,0,0,0,0,0,0.0,0.0,0,0,0,0,0,0,,,,,,,,,,,,,,,,,,,0,0,,n_d,0,0,,,0,7.67,,,
6883,Jean,LEC,dc,d,1,4,1,4,0,0.0,0.0,0,0,0,0,0,0,5,5.8,5.7,0,0,1,0,0,0,18,5.75,5.75,0,0,0,0,0,0,,,,,,,,,,0,0,5.72,stabile,0,13,47,,20,16.0,,,
7182,Ndaba,LEC,ds/e,d,1,5,1,5,2,5.5,5.5,0,0,0,0,0,0,9,5.5,5.5,0,0,0,0,0,0,,,,,,,,,,,,,,,,,,,0,0,5.5,n_d,50,24,,,37,16.0,,,
6410,Kaba,LEC,m/c,c,1,2,1,2,0,0.0,0.0,0,0,0,0,0,0,11,5.77,5.73,0,0,1,0,0,0,12,5.88,5.83,0,0,1,0,0,0,22,5.82,5.73,0,0,2,1,0,0,0,0,5.76,stabile,0,29,32,58,30,16.0,,,
7319,Fofana Sa.,LEC,m/c,c,1,1,1,1,0,0.0,0.0,0,0,0,0,0,0,2,5.5,5.5,0,0,0,0,0,0,,,,,,,,,,,,,,,,,,,0,0,,n_d,0,5,,,2,16.0,,,
2815,Terracciano,MIL,por,p,1,1,1,1,0,0.0,0.0,0,0,0,0,0,0,2,6.0,6.0,0,0,0,0,0,0,3,6.17,5.17,0,0,0,0,3,0,33,6.27,5.26,0,0,3,0,35,1,0,0,5.26,n_d,0,5,8,87,25,5.0,,,
6813,Torriani,MIL,por,p,1,1,1,1,0,0.0,0.0,0,0,0,0,0,0,0,0.0,0.0,0,0,0,0,0,0,0,0.0,0.0,0,0,0,0,0,0,,,,,,,,,,0,0,,n_d,0,0,0,,0,5.0,,,
7525,Diawara S.,MIL,ds/dc,d,1,4,1,4,0,0.0,0.0,0,0,0,0,0,0,,,,,,,,,,,,,,,,,,,,,,,,,,,,1,,,n_d,0,,,,0,5.0,,,
7475,Strajnar,MON,por,p,1,1,1,1,0,0.0,0.0,0,0,0,0,0,0,,,,,,,,,,,,,,,,,,,,,,,,,,,,1,,,n_d,0,,,,0,17.33,,,
5399,Antov,MON,dc,d,1,2,1,2,0,0.0,0.0,0,0,0,0,0,0,,,,,,,,,,,,,,,,,,,0,0.0,0.0,0,0,0,0,0,0,0,0,,n_d,0,,,0,0,17.33,,,
5880,Ciurria,MON,e/w,c,1,6,1,6,0,0.0,0.0,0,0,0,0,0,0,,,,,,,,,,17,5.79,6.0,1,1,1,0,0,0,22,5.86,5.86,0,1,2,0,0,0,0,0,5.94,stabile,0,,45,58,34,17.33,indisponibile,"il centrocampista non al meglio per noie fisiche, forfait per venerdì contro il Sassuolo. Da valutare.",2026-09-18
2845,Contini,NAP,por,p,1,1,1,1,0,0.0,0.0,0,0,0,0,0,0,0,0.0,0.0,0,0,0,0,0,0,0,0.0,0.0,0,0,0,0,0,0,1,6.0,6.0,0,0,0,0,0,0,0,0,,n_d,0,0,0,3,1,4.33,,,
6809,Marianucci,NAP,dc,d,1,3,1,3,0,0.0,0.0,0,0,0,0,0,0,11,5.73,5.73,0,1,2,0,0,0,13,5.81,5.73,0,0,0,1,0,0,,,,,,,,,,0,1,5.73,stabile,0,29,34,,21,4.33,indisponibile,"Il difensore KO in amichevole l'8 agosto vittima di una lesione di alto grado del collaterale mediale del ginocchio sinistro. Tempi di recupero da valutare, ma rischia uno stop di almeno due mesi.",2026-09-18
5481,Mazzocchi,VEN,dd/ds/e,d,1,12,1,10,0,0.0,0.0,0,0,0,0,0,0,9,5.94,5.94,0,1,0,1,0,0,10,5.7,5.65,0,0,2,0,0,0,25,5.68,5.64,0,2,4,1,0,0,0,1,5.79,crescente,0,24,26,66,29,19.67,,,
7202,Ndiaye,PAR,dc,d,1,8,1,8,1,6.0,6.0,0,0,0,0,0,0,11,5.59,5.36,0,0,3,1,0,0,,,,,,,,,,,,,,,,,,,0,0,5.36,n_d,25,29,,,27,16.33,,,
6149,Carboni F.,PAR,ds/e,d,1,3,1,3,0,0.0,0.0,0,0,0,0,0,0,2,6.0,6.0,0,0,0,0,0,0,5,5.9,5.7,0,0,2,0,0,0,0,0.0,0.0,0,0,0,0,0,0,0,0,5.7,n_d,0,5,13,0,4,16.33,,,
7048,De Marzi,ROM,por,p,1,1,1,1,0,0.0,0.0,0,0,0,0,0,0,,,,,,,,,,0,0.0,0.0,0,0,0,0,0,0,,,,,,,,,,0,0,,n_d,0,,0,,0,4.67,,,
610,Gollini,ROM,por,p,1,1,1,1,0,0.0,0.0,0,0,0,0,0,0,0,0.0,0.0,0,0,0,0,0,0,7,5.86,4.07,0,0,1,0,15,1,7,6.0,4.86,0,0,0,0,8,0,0,0,4.39,calante,0,0,18,18,9,4.67,,,
7260,Ziolkowski,MON,dc,d,1,8,1,8,0,0.0,0.0,0,0,0,0,0,0,9,5.94,5.78,0,0,3,0,0,0,,,,,,,,,,,,,,,,,,,0,1,5.78,n_d,0,24,,,12,17.33,indisponibile,"Il difensore condizionato da una fastidiosa fascite plantare, di certo assente nel prossimo turno di campionato. Tempi di recupero da valutare.",2026-09-18
4518,Russo A.,SAS,por,p,1,1,1,1,0,0.0,0.0,0,0,0,0,0,0,0,0.0,0.0,0,0,0,0,0,0,,,,,,,,,,,,,,,,,,,0,0,,n_d,0,0,,,0,16.67,,,
4867,Turati,SAS,por,p,1,1,1,1,0,0.0,0.0,0,0,0,0,0,0,6,6.17,5.0,0,0,0,0,7,0,30,6.3,4.75,0,0,1,0,52,2,31,6.19,4.42,0,0,0,0,58,1,0,0,4.81,crescente,0,16,79,82,44,16.67,,,
7156,Pieragnolo,SAS,ds/e,d,1,1,1,1,0,0.0,0.0,0,0,0,0,0,0,0,0.0,0.0,0,0,0,0,0,0,,,,,,,,,,,,,,,,,,,0,0,,n_d,0,0,,,0,16.67,indisponibile,il difensore sta proseguendo la fase di recupero dalla lesione legamento crociato anteriore gamba destra e ipotizziamo possa tornare convocabile da ottobre.,2026-09-18
6219,Boloca,SAS,m/c,c,1,5,1,5,0,0.0,0.0,0,0,0,0,0,0,2,5.75,5.75,0,0,0,0,0,0,,,,,,,,,,30,5.85,5.82,1,0,6,1,0,0,0,0,5.82,n_d,0,5,,79,28,16.67,indisponibile,il centrocampista fuori causa per un problema al ginocchio e fuori causa in questo inizio di campionato. Da valutare rientro da fine settembre.,2026-09-18
7457,Mascardi,TOR,por,p,1,1,1,1,2,5.75,3.75,0,0,0,0,4,0,,,,,,,,,,,,,,,,,,,,,,,,,,,,1,,,n_d,50,,,,50,10.67,,,
7363,Siviero,TOR,por,p,1,1,1,1,0,0.0,0.0,0,0,0,0,0,0,0,0.0,0.0,0,0,0,0,0,0,,,,,,,,,,,,,,,,,,,0,0,,n_d,0,0,,,0,10.67,,,
252,Biraghi,TOR,b/ds/e,d,1,6,1,5,0,0.0,0.0,0,0,0,0,0,0,11,5.59,5.59,0,0,0,0,0,0,21,5.83,5.86,1,0,1,0,0,0,28,5.96,6.11,2,5,8,0,0,0,0,0,5.78,calante,0,29,55,74,40,10.67,,,
543,Padelli,UDI,por,p,1,1,1,1,0,0.0,0.0,0,0,0,0,0,0,2,6.25,5.25,0,0,0,0,2,0,1,6.5,6.5,0,0,0,0,0,0,0,0.0,0.0,0,0,0,0,0,0,0,0,,n_d,0,5,3,0,2,12.33,,,
7161,Bayo V.,UDI,pc,a,1,3,1,3,2,5.25,5.0,0,0,1,0,0,0,12,5.75,5.83,0,1,0,0,0,0,,,,,,,,,,,,,,,,,,,0,0,5.83,n_d,50,32,,,41,12.33,,,
6671,Grandi,VEN,por,p,1,1,1,1,0,0.0,0.0,0,0,0,0,0,0,,,,,,,,,,0,0.0,0.0,0,0,0,0,0,0,,,,,,,,,,0,0,,n_d,0,,0,,0,19.67,,,
7531,Pozzi,VEN,por,p,1,1,1,1,0,0.0,0.0,0,0,0,0,0,0,,,,,,,,,,,,,,,,,,,,,,,,,,,,1,,,n_d,0,,,,0,19.67,,,
7454,Gomes,VEN,ds/dc,d,1,1,1,1,0,0.0,0.0,0,0,0,0,0,0,,,,,,,,,,,,,,,,,,,,,,,,,,,,1,,,n_d,0,,,,0,19.67,,,
7481,Dagasso,VEN,c,c,1,1,1,1,1,5.0,4.5,0,0,1,0,0,0,,,,,,,,,,,,,,,,,,,,,,,,,,,,1,,,n_d,25,,,,25,19.67,indisponibile,Il centrocampista non convocato dalla gara dell'11 settembre contro la Fiorentina per un problema fisico. Recuperabile dalla prima metà di ottobre.,2026-09-18
526,Duncan,VEN,c,c,1,4,1,4,0,0.0,0.0,0,0,0,0,0,0,,,,,,,,,,14,5.86,5.79,0,0,2,0,0,0,26,6.08,6.46,2,5,2,0,0,0,0,0,6.06,calante,0,,37,68,35,19.67,,,
7408,Lisman,VEN,w/a,a,1,1,1,1,0,0.0,0.0,0,0,0,0,0,0,,,,,,,,,,,,,,,,,,,,,,,,,,,,1,,,n_d,0,,,,0,19.67,,,
2127,Satalino,SAS,por,p,1,1,1,1,0,0.0,0.0,0,0,0,0,0,0,0,0.0,0.0,0,0,0,0,0,0,,,,,,,,,,,,,,,,,,,0,0,,n_d,0,0,,,0,16.67,,,
7548,Aurelio,CAG,ds/e,d,1,5,1,5,0,0.0,0.0,0,0,0,0,0,0,,,,,,,,,,,,,,,,,,,,,,,,,,,,1,,,n_d,0,,,,0,15.0,,,
7557,Penev,LEC,por,p,1,1,1,1,0,0.0,0.0,0,0,0,0,0,0,,,,,,,,,,,,,,,,,,,,,,,,,,,,1,,,n_d,0,,,,0,16.0,,,
7560,Pisseri,FRO,por,p,1,1,1,1,0,0.0,0.0,0,0,0,0,0,0,,,,,,,,,,,,,,,,,,,,,,,,,,,,1,,,n_d,0,,,,0,19.33,,,
3,Radunovic,CAG,por,p,1,1,1,1,0,0.0,0.0,0,0,0,0,0,0,0,0.0,0.0,0,0,0,0,0,0,0,0.0,0.0,0,0,0,0,0,0,7,5.71,4.0,0,0,0,0,12,0,0,0,4.0,n_d,0,0,0,18,4,15.0,,,
7568,De Martis,PAR,pc,a,1,1,1,1,0,0.0,0.0,0,0,0,0,0,0,,,,,,,,,,,,,,,,,,,,,,,,,,,,1,,,n_d,0,,,,0,16.33,,,
4957,Montipò,VEN,por,p,1,1,1,1,0,0.0,0.0,0,0,0,0,0,0,35,6.2,4.94,0,1,0,0,54,3,36,6.19,4.44,0,0,0,0,64,1,37,6.31,4.99,0,0,0,0,49,0,0,1,4.8,stabile,0,92,95,97,71,19.67,,,
7553,Omar Fayed,FRO,dc,d,1,1,1,1,0,0.0,0.0,0,0,0,0,0,0,,,,,,,,,,,,,,,,,,,,,,,,,,,,1,,,n_d,0,,,,0,19.33,,,
4468,Bleve,LEC,por,p,1,1,1,1,0,0.0,0.0,0,0,0,0,0,0,,,,,,,,,,,,,,,,,,,0,0.0,0.0,0,0,0,0,0,0,0,0,,n_d,0,,,0,0,16.0,,,
7571,Laerke,LEC,w/a,c,1,1,1,1,0,0.0,0.0,0,0,0,0,0,0,,,,,,,,,,,,,,,,,,,,,,,,,,,,1,,,n_d,0,,,,0,16.0,,,
7572,Comotto,MIL,m/c,c,1,1,1,1,0,0.0,0.0,0,0,0,0,0,0,,,,,,,,,,,,,,,,,,,,,,,,,,,,1,,,n_d,0,,,,0,5.0,,,
7575,Mout,MON,c,c,1,12,1,12,1,5.0,5.0,0,0,0,0,0,0,,,,,,,,,,,,,,,,,,,,,,,,,,,,1,,,n_d,25,,,,25,17.33,,,
5812,Terracciano F.,MIL,b/dd/ds,d,2,7,1,4,0,0.0,0.0,0,0,0,0,0,0,35,5.86,5.83,2,0,6,0,0,0,7,5.71,5.57,0,0,3,0,0,0,19,5.89,5.89,0,1,2,0,0,0,0,1,5.76,stabile,0,92,18,50,40,5.0,,,
5462,Ciervo,CAG,w,c,1,1,1,1,0,0.0,0.0,0,0,0,0,0,0,,,,,,,,,,,,,,,,,,,,,,,,,,,,1,,,n_d,0,,,,0,15.0,,,
7603,Grabara,JUV,por,p,1,1,1,1,0,0.0,0.0,0,0,0,0,0,0,,,,,,,,,,,,,,,,,,,,,,,,,,,,1,,,n_d,0,,,,0,4.33,,,
7604,Maye,MON,ds/dc,d,1,1,1,1,0,0.0,0.0,0,0,0,0,0,0,,,,,,,,,,,,,,,,,,,,,,,,,,,,1,,,n_d,0,,,,0,17.33,,,
7611,Mrozek,UDI,por,p,1,1,1,1,0,0.0,0.0,0,0,0,0,0,0,,,,,,,,,,,,,,,,,,,,,,,,,,,,1,,,n_d,0,,,,0,12.33,,,
6826,Dembelè A.,LEC,dd/e,d,1,2,1,2,0,0.0,0.0,0,0,0,0,0,0,1,5.0,5.0,0,0,0,0,0,0,9,5.67,5.89,1,0,0,1,0,0,,,,,,,,,,0,1,5.89,n_d,0,3,24,,9,16.0,,,
2874,Ghidotti,PAR,por,p,1,1,1,1,0,0.0,0.0,0,0,0,0,0,0,,,,,,,,,,,,,,,,,,,,,,,,,,,,1,,,n_d,0,,,,0,16.33,,,
7622,Robinho Junior,GEN,a,a,1,2,1,2,0,0.0,0.0,0,0,0,0,0,0,,,,,,,,,,,,,,,,,,,,,,,,,,,,1,,,n_d,0,,,,0,13.33,,,
7626,Pompei,ATA,por,p,1,1,1,1,0,0.0,0.0,0,0,0,0,0,0,,,,,,,,,,,,,,,,,,,,,,,,,,,,1,,,n_d,0,,,,0,4.67,,,
7629,Libra,BOL,c/t,c,1,1,1,1,1,5.0,5.0,0,0,0,0,0,0,,,,,,,,,,,,,,,,,,,,,,,,,,,,1,,,n_d,25,,,,25,7.33,,,
5850,Lovric,UDI,c,c,1,1,1,1,0,0.0,0.0,0,0,0,0,0,0,10,5.75,5.75,0,1,2,0,0,0,35,5.96,6.11,2,2,5,0,0,0,29,5.97,6.09,1,2,1,1,0,0,0,1,5.93,calante,0,26,92,76,48,12.33,,,
7647,Esteban,LEC,pc,a,1,1,1,1,1,6.0,6.0,0,0,0,0,0,0,,,,,,,,,,,,,,,,,,,,,,,,,,,,1,,,n_d,25,,,,25,16.0,,,
