player_id,nome,squadra,ruolo_classic,ruolo_mantra,classic_qi,classic_qa,classic_fvm,mantra_qi,mantra_qa,mantra_fvm
5585,Malen,ROM,a,pc,34,37,437,34,37,437
2764,Martinez L.,INT,a,pc,35,36,418,35,36,418
4871,Thuram,INT,a,pc,29,31,260,29,31,260
6875,Paz N.,COM,c,t/a,30,29,235,28,27,235
254,Dimarco,INT,d,e/w,32,29,210,30,28,210
2194,Calhanoglu,INT,c,m/c,27,27,214,28,28,244
6052,Hojlund,NAP,a,pc,28,27,233,28,27,233
2423,Pulisic,MIL,c,t/a,25,25,155,23,23,155
6397,Ramos G.,MIL,a,pc,27,25,230,27,25,230
2379,Rabiot,MIL,c,c/t,22,24,145,22,24,145
4777,McTominay,NAP,c,c/t,28,24,112,28,24,112
2167,Orsolini,BOL,c,w/a,26,23,138,25,22,138
2097,Kean,COM,a,pc,25,23,130,25,23,130
5951,Kolo Muani,JUV,a,pc,26,23,122,26,23,122
7017,Douvikas,COM,a,pc,20,22,134,20,22,134
6752,Woltemade,JUV,a,a,23,22,62,23,22,62
7126,Baturina,COM,c,t,19,21,191,18,20,191
6434,Yildiz,JUV,a,a,23,20,70,24,21,70
7556,Mora,ROM,c,t,19,20,60,18,19,60
2137,Scamacca,ATA,a,pc,19,19,91,18,18,88
5841,Svilar,ROM,p,por,18,19,95,18,19,95
5637,Davis K.,UDI,a,pc,19,19,111,19,19,111
1870,Barella,INT,c,c,17,18,81,17,18,81
7071,Esposito F.P.,INT,a,pc,16,18,116,16,18,116
632,Zaccagni,LAZ,c,w/a,16,18,124,15,17,124
7181,Wesley,ROM,d,e,17,18,91,16,17,91
531,Berardi,SAS,a,a,18,18,100,19,19,100
5559,Da Cunha,COM,c,c/t,18,17,60,18,17,60
2788,Bremer,JUV,d,dc,15,17,79,15,17,79
2517,De Bruyne,NAP,c,t,15,17,80,14,16,80
309,Dybala,ROM,a,a,14,17,120,15,18,120
4998,Molina N.,ROM,d,e,18,17,62,18,17,62
4431,Carnesecchi,ATA,p,por,16,16,56,16,16,56
6435,Krstovic,ATA,a,pc,18,16,75,17,15,72
7023,Pellegrino M.,FIO,a,pc,15,16,50,15,16,47
5734,Soulè,ROM,a,a,12,16,67,13,16,67
6060,Laurientè,SAS,a,a,15,16,71,16,16,71
2766,Zaniolo,UDI,c,t/a,18,16,54,17,15,54
4964,Vicario,JUV,p,por,16,16,65,16,16,65
5995,De Ketelaere,ATA,a,a,17,15,64,18,16,64
6675,Dovbyk,BOL,a,pc,16,15,30,16,15,27
4973,McKennie,JUV,c,c/t,17,15,61,17,15,61
4312,Maignan,MIL,p,por,15,15,54,15,15,54
4409,Rrahmani,NAP,d,dc,14,15,52,14,15,52
2296,Mancini,ROM,d,dc,15,15,54,15,15,54
6372,Moreira,MIL,c,e/w,12,15,60,12,15,62
5119,Samardzic,ATA,c,c/t,12,14,36,12,14,36
4371,Raspadori,ATA,a,a,13,14,25,14,15,25
4463,Esposito Se.,SAS,a,a,13,14,42,14,14,42
6967,Diao,COM,a,w/a,11,14,68,12,15,70
6908,Atta,FIO,c,c/t,17,14,61,17,14,61
5116,Martinez Jo.,INT,p,por,17,14,60,17,14,60
4159,Akanji,INT,d,dc,16,14,40,16,14,40
6884,Conceicao,JUV,c,w/a,12,14,77,11,14,77
5589,Konè M.,ROM,c,m/c,10,14,50,11,14,60
6684,Ekkelenkamp,UDI,c,c/t,10,14,64,10,14,64
7078,Mastantuono,FIO,c,w/t,12,14,76,12,14,76
5792,Ederson D.S.,ATA,c,m/c,12,13,43,13,14,48
4360,Caprile,CAG,p,por,9,13,32,9,13,32
6966,Butez,COM,p,por,16,13,41,16,13,41
5800,Gudmundsson A.,LAZ,c,t/a,13,13,30,12,12,30
2120,Bastoni,INT,d,dc,14,13,39,14,13,39
6217,Bisseck,INT,d,dc,11,13,37,11,13,37
152,Zielinski,INT,c,c,10,13,41,10,13,41
4976,Kalulu,JUV,d,dd/dc,13,13,41,14,13,43
6482,Mandas,LAZ,p,por,9,13,41,9,13,41
7314,Taylor K.,LAZ,c,c/t,13,13,42,13,13,42
5833,Gila,MIL,d,dc,12,13,30,12,13,30
5022,Pavlovic,MIL,d,dc,14,13,50,14,13,50
7351,Santos A.,NAP,a,w/a,14,13,36,15,14,38
6572,Castro S.,ROM,a,pc,14,13,33,13,12,30
2061,Simeone,TOR,a,pc,15,13,55,15,13,52
7554,Romero D.,PAR,a,pc,10,13,44,10,13,41
4179,Gonzalez N.,JUV,c,w/a,11,13,47,10,12,47
5694,Beto,FIO,a,pc,14,13,49,14,13,46
184,Bernardeschi,BOL,c,w/t,9,12,35,9,12,35
6869,Ramon,COM,d,dc,10,12,34,10,12,34
1933,Mandragora,TOR,c,c,9,12,40,9,12,40
5436,Raimondo,FRO,a,pc,7,12,60,6,11,57
2848,Frattesi,LAZ,c,c/t,7,12,115,7,12,115
2606,Modric,MIL,c,m/c,12,12,40,13,13,45
2816,Di Lorenzo,NAP,d,dd/e,12,12,33,12,12,33
4807,Hermoso,ROM,d,dc,10,12,40,10,12,40
7347,Bowie,SAS,a,pc,10,12,33,9,11,33
6956,Solet,UDI,d,dc,13,12,32,13,12,32
7484,Adams A.,VEN,a,pc,12,12,30,11,11,27
5172,Jones C.,INT,c,c,12,12,32,12,12,32
4896,Maldini,CAG,a,t/a,5,11,50,6,11,52
6151,Perrone,COM,c,m/c,10,11,30,11,12,35
7129,Rodriguez Je.,COM,c,w/a,12,11,21,11,10,21
7472,Calò,FRO,c,m/c,7,11,37,8,12,42
6530,Ghedjemis,FRO,a,w/a,9,11,30,10,11,30
6204,Kvernadze,FRO,a,w/a,4,11,54,5,12,56
2514,Stones,INT,d,dc,12,11,11,12,11,11
6274,Diouf,INT,c,e/c,8,11,64,9,12,64
7436,Alajbegovic,JUV,c,w/t,12,11,40,12,11,40
5500,Cancellieri,LAZ,c,w/a,9,11,22,8,11,22
4892,Saelemaekers,MIL,c,e/w,10,11,32,11,12,32
4287,Lobotka,NAP,c,m/c,7,11,26,8,12,31
536,Politano,NAP,c,w,10,11,41,9,11,41
4317,N'Dicka,ROM,d,dc,13,11,30,13,11,30
779,Cristante,ROM,c,m/c,8,11,31,9,11,36
6677,Adzic,SAS,c,c/t,5,11,40,5,11,40
5687,Vlasic,TOR,c,t,14,11,57,13,10,57
6646,Adams C.,TOR,a,a,9,11,25,10,12,25
7551,Schmid,FRO,c,w/t,8,11,40,8,11,40
1850,Kessiè,ATA,c,c,12,11,30,12,11,30
7625,Goncalves P.,FIO,c,w/t,12,11,35,12,11,35
5526,Scalvini,ATA,d,dc,10,10,23,10,10,23
4734,Miranda J.,BOL,d,ds/e,8,10,22,8,10,22
7311,Romano,CAG,c,m/c,5,10,22,6,10,27
2521,De Gea,FIO,p,por,13,10,26,13,10,26
6531,Jimenez A.,FIO,d,dd/ds/e,8,10,35,9,11,38
5750,Ostigard,GEN,d,dc,11,10,23,11,10,23
5823,Baldanzi,GEN,c,t,11,10,21,10,9,21
4923,Colombo,GEN,a,pc,11,10,43,10,10,40
5877,Carlos Augusto,INT,d,b/ds/e,7,10,27,8,11,27
5761,Zhegrova,JUV,c,w,6,10,22,5,9,22
6556,Noslin,LAZ,a,a,6,10,35,6,10,35
5504,Coulibaly L.,LEC,c,m/c,6,10,17,7,11,22
4856,Chukwueze,MIL,c,e/w,6,10,24,5,9,26
7485,Mangas,MON,d,ds/e,6,10,25,6,10,25
7523,Varela G.,MON,a,pc,3,10,69,3,10,66
2038,Pinamonti,LAZ,a,pc,13,10,36,12,10,33
5555,Kamara H.,UDI,d,ds/e,6,10,15,6,10,15
6229,Tourè E.,PAR,a,pc,11,10,31,11,10,31
7547,Kevin Carlos,CAG,a,pc,13,10,16,12,10,13
5982,Spence,INT,d,e,12,10,14,11,9,14
7600,Osmajic,GEN,a,pc,8,10,40,7,9,37
2404,Alaba,UDI,d,dc,10,10,24,10,10,24
133,Skorupski,BOL,p,por,10,9,21,10,9,21
6844,Rowe,ATA,c,w/t,11,9,35,11,9,35
4210,Mina,CAG,d,dc,8,9,16,8,9,16
4870,Adopo,CAG,c,m/c,6,9,13,7,10,16
7414,Kaiki,COM,d,ds/e,7,9,18,7,9,18
4359,Piccoli,BOL,a,pc,8,9,40,7,9,37
6415,Palmisani,FRO,p,por,4,9,22,4,9,22
7469,Bracaglia,FRO,d,ds/dc,5,9,17,5,9,19
6238,Oyono A.,FRO,d,dd/e,5,9,12,5,9,12
5514,Vasquez,GEN,d,ds/dc,9,9,26,10,10,26
7070,Sucic P.,INT,c,c,8,9,19,8,9,19
5620,Tavares N.,LAZ,d,ds/e,6,9,50,6,9,50
6989,Tiago Gabriel,LEC,d,dc,7,9,21,7,9,21
572,Meret,NAP,p,por,11,9,40,11,9,40
4220,Zambo Anguissa,NAP,c,c,11,9,27,11,9,27
7223,Vergara,NAP,c,w/t,8,9,22,8,9,22
5862,Valeri,PAR,d,ds/e,8,9,24,8,9,24
6190,Pisilli,ROM,c,c,5,9,27,5,9,27
2528,Matic,SAS,c,m/c,5,9,15,6,10,20
5844,Thorstvedt,SAS,c,c/t,10,9,31,10,9,31
5735,Volpato,SAS,c,w/t,7,9,21,7,9,21
6680,Karlstrom,UDI,c,m/c,6,9,20,7,10,23
5641,Chalobah T.,COM,d,dd/dc,9,9,25,10,10,27
6534,Perri,TOR,p,por,9,9,15,9,9,15
6042,Lucumì,JUV,d,dc,8,8,18,8,8,18
5858,Ferguson,BOL,c,m/c,7,8,20,8,9,25
5298,Pobega,BOL,c,m/c,6,8,12,7,8,15
4436,Cambiaghi,BOL,c,w/a,8,8,23,7,7,23
7274,Zè Pedro,CAG,d,dd/dc,5,8,14,6,9,16
5701,Obert,CAG,d,b/ds/e,7,8,15,7,8,17
4260,Winks,CAG,c,m/c,6,8,14,7,8,17
7374,Mendy P.,CAG,a,pc,4,8,20,3,8,17
6867,Valle,COM,d,ds/e,6,8,19,6,8,19
5365,Dragusin,FIO,d,dc,8,8,19,8,8,19
5885,Dodò,FIO,d,dd/e,10,8,5,10,8,5
4465,Fagioli,FIO,c,m/c,8,8,21,9,9,26
6294,Ndour,FIO,c,c,8,8,20,8,8,20
7467,Calvani,FRO,d,dc,4,8,15,4,8,15
6669,Bonny,INT,a,pc,7,8,16,6,7,13
4657,Celik,JUV,d,b/dd/e,8,8,17,9,9,19
827,Locatelli,JUV,c,m/c,8,8,15,9,9,20
5562,Thuram K.,JUV,c,c,10,8,14,10,8,14
5685,Koopmeiners,JUV,c,c/t,5,8,17,5,8,17
6320,Doekhi,LAZ,d,dc,7,8,13,7,8,13
6398,Isaksen,LAZ,c,w/a,9,8,21,8,7,21
6593,Akinsanmiro,MON,c,c,6,8,13,6,8,13
5878,Colpani,MON,c,t,8,8,14,7,8,12
2155,Cutrone,MON,a,pc,9,8,16,8,8,13
1852,Spinazzola,NAP,d,ds/e,8,8,21,8,8,21
6664,Delprato,PAR,d,b/dd/e,8,8,22,8,8,25
6207,Almqvist,PAR,c,w/a,4,8,12,3,7,12
5851,Doig,SAS,d,ds/e,4,8,12,4,8,12
7036,Bakola,SAS,c,c/t,5,8,17,5,8,17
6642,Coco,TOR,d,dc,7,8,14,7,8,14
7060,Cacciamani,TOR,c,e/w,5,8,25,6,9,25
5888,Casadei,TOR,c,c/t,10,8,16,10,8,16
6462,Okoye,UDI,p,por,9,8,25,9,8,25
4994,Vojvoda,UDI,d,dd/e,8,8,18,8,8,18
6821,Hainaut,VEN,d,dd/e,3,8,12,3,8,12
6904,Yeboah J.,VEN,a,a,8,8,26,8,8,26
6727,Couto,COM,d,dd/e,8,8,27,8,8,27
7546,Robinson J.,MON,a,a,4,8,14,4,8,14
530,Pellegrini Lo.,ROM,c,c/t,10,8,12,10,8,12
7564,Leysen F.,SAS,d,ds/dc,5,8,12,6,9,14
7612,Bobcek,FRO,a,pc,9,8,10,9,8,10
5675,Theate,BOL,d,ds/dc,8,8,20,9,9,22
4705,Balerdi,ROM,d,dc,6,8,20,6,8,20
4137,Diego Carlos,PAR,d,dc,8,8,15,8,8,15
6344,Sanchez Ro.,COM,p,por,8,8,12,8,8,12
554,Zappacosta,ATA,d,dd/e,8,7,12,8,7,12
2077,Pasalic,ATA,c,c/t,9,7,17,9,7,17
2765,Odgaard,BOL,c,t,8,7,13,7,6,13
6010,Fazzini,CAG,c,c/t,7,7,21,8,8,21
7412,Milla,COM,c,m/c,5,7,25,5,7,30
4952,Monterisi,FRO,d,dc,6,7,12,6,7,12
5791,Frendrup,GEN,c,m/c,7,7,18,8,7,23
6917,Masini,FRO,c,m/c,2,7,13,2,7,16
4970,Messias,GEN,c,w/t,3,7,10,3,7,10
6164,Vitinha O.,GEN,a,a,8,7,11,8,7,11
5520,Cambiaso,JUV,d,dd/ds/e,9,7,11,10,8,13
2134,Falcone,LEC,p,por,8,7,23,8,7,23
5029,Geubbels,LEC,a,pc,9,7,15,8,6,12
6496,Bartesaghi,MIL,d,ds/e,8,7,12,8,7,12
5838,Birindelli,MON,d,dd/ds/e,4,7,13,5,8,15
2170,Milinkovic-Savic V.,NAP,p,por,5,7,13,5,7,13
7529,Koulierakis,ROM,d,dc,8,7,9,8,7,9
6672,Idzes,SAS,d,dc,7,7,14,7,7,14
6717,Konè I.,SAS,c,c,9,7,20,9,7,20
6495,Comuzzo,TOR,d,dc,6,7,10,6,7,10
5010,Ismajli,TOR,d,dc,7,7,12,7,7,12
6827,Njie,FIO,c,w/a,4,7,33,3,6,33
6021,Abankwah,UDI,d,dd/dc,1,7,14,1,7,16
7272,Gueye,UDI,a,pc,4,7,10,3,7,7
5507,Busio,VEN,c,m/c,5,7,13,6,7,16
5946,Sow,GEN,c,m/c,7,7,15,8,8,20
7580,Sutalo J.,LAZ,d,dc,7,7,15,7,7,15
7618,Hutchinson,MIL,c,w/a,8,7,14,7,6,14
7220,Belghali,TOR,d,dd/e,7,7,13,7,7,13
5680,Sarr P.,JUV,c,m/c,7,7,20,8,8,25
7620,Zeballos,MON,a,a,6,7,17,6,7,17
6833,Mbangula,BOL,c,w/a,8,7,14,8,7,14
7623,Gnonto,FIO,a,w/a,7,7,14,8,8,16
7624,Braganca,TOR,c,c,6,7,15,6,7,15
795,El Shaarawy,GEN,c,w,7,7,11,6,6,11
6046,Hien,ATA,d,dc,8,6,10,8,6,10
2640,Kolasinac,ATA,d,ds/dc,5,6,12,6,6,14
4364,Gaetano,ATA,c,m/c,7,6,22,8,7,27
5422,Zalewski,ATA,c,w,6,6,11,5,6,11
5678,Holm,BOL,d,dd/e,5,6,7,5,6,7
4433,Zortea,BOL,d,dd/e,6,6,19,6,6,19
7268,Rodriguez Ju.,CAG,d,ds/dc,3,6,14,4,7,17
5036,Caqueret,COM,c,c/t,6,6,11,6,6,11
7332,Bijlow,GEN,p,por,8,6,11,8,6,11
2832,Boga,JUV,a,w/a,6,6,21,7,6,23
4459,Rovella,LAZ,c,m/c,6,6,16,7,7,19
6990,Veiga D.,LEC,d,dd/e,5,6,12,5,6,12
4502,Gallo,LEC,d,ds/e,6,6,12,6,6,12
6549,Pierotti,LEC,c,w,6,6,14,5,5,12
7252,Stulic,LEC,a,pc,7,6,11,6,5,10
4401,Gabbia,MIL,d,dc,7,6,10,7,6,10
5739,De Winter,MIL,d,dd/dc,3,6,25,4,7,27
5882,Mota,MON,a,a,5,6,10,5,6,10
5131,Gilmour,NAP,c,m/c,3,6,10,3,6,10
6898,Keita M.,PAR,c,m/c,5,6,15,6,7,20
6666,Bernabè,PAR,c,c,7,6,25,7,6,25
7526,Comert,TOR,d,dc,4,6,13,4,6,13
7535,Fitz-Jim,TOR,c,m/c,4,6,18,5,7,23
6218,Oristanio,TOR,c,w/t,7,6,12,7,6,14
7349,Kulenovic,TOR,a,pc,4,6,13,3,6,10
7198,Piotrowski,UDI,c,m/c,5,6,12,6,7,15
6783,Unai Gomez,UDI,c,t,7,6,13,6,6,13
4845,Correia T.,VEN,d,dd/ds/e,4,6,8,4,6,8
7449,Rrahmani Al.,VEN,a,pc,8,6,9,7,6,9
7561,Lontani,PAR,a,a,1,6,16,1,6,16
6618,Cissè A.,MIL,c,w/t,3,6,33,3,6,33
7563,Favasuli,NAP,d,dd/ds/e,4,6,16,5,7,18
7069,Fortini,TOR,d,e,5,6,12,4,6,12
4479,Elmas,ATA,c,w/t,7,6,17,7,6,17
4664,Badiashile,NAP,d,dc,7,6,8,7,6,8
7619,Monteiro J.,LEC,c,w/a,7,6,16,6,6,16
4147,Caleta-Car,SAS,d,dc,6,6,11,6,6,11
7621,Sugawara,CAG,d,dd/e,6,6,8,6,6,8
6319,Leite,LAZ,d,dc,6,6,11,6,6,11
4887,Bellanova,ATA,d,dd/e,6,5,16,6,5,16
7219,Bernasconi,ATA,d,ds/e,6,5,14,6,5,14
7326,Helland,BOL,d,dd/dc,2,5,12,2,5,12
7212,Heggem,BOL,d,ds/dc,6,5,14,7,6,16
6054,Moro N.,BOL,c,m/c,4,5,12,4,5,15
6895,Dominguez B.,SAS,c,w/a,3,5,12,2,5,12
7532,Kofler,CAG,d,dc,5,5,3,5,5,3
1871,Deiola,CAG,c,m/c,3,5,10,3,5,13
6893,Kempf,COM,d,dc,5,5,12,5,5,12
6678,Liberali,COM,c,t,6,5,10,5,4,10
7294,Valdepenas,FIO,d,ds/dc,6,5,10,7,6,12
7410,Viery,FIO,d,ds/dc,6,5,13,7,6,15
7464,Oulai,FIO,c,m/c,6,5,11,7,6,14
6506,Fini,FRO,c,w,3,5,11,2,4,11
5998,Zerbin,FRO,c,w,5,5,9,4,4,9
6660,Marcandalli,GEN,d,dc,6,5,12,6,5,12
6020,Ellertsson,GEN,c,e/c,6,5,13,7,6,16
4177,Pavard,INT,d,dd/dc,6,5,10,7,6,12
5301,Luis Henrique,INT,c,e/w,4,5,12,5,6,14
5831,Gatti,JUV,d,dc,4,5,12,4,5,12
7012,Provstgaard,LAZ,d,dc,3,5,12,3,5,12
4817,Pedraza,LAZ,d,ds/e,5,5,9,5,5,9
2188,Marusic,LAZ,d,dd/ds/e,6,5,15,6,5,17
6191,Belahyane,LAZ,c,m/c,1,5,6,1,5,6
4751,Tomori,MIL,d,dc,7,5,7,7,5,7
2741,Pessina,MON,c,m/c,7,5,15,8,6,20
2724,Buongiorno,NAP,d,dc,7,5,10,7,5,10
6831,Neres,NAP,a,w/a,6,5,14,7,6,17
7411,Daffara,PAR,p,por,7,5,2,7,5,2
7342,Elphege,PAR,a,pc,3,5,9,3,5,9
6631,Ghilardi,ROM,d,dc,4,5,10,4,5,10
4236,Muric,SAS,p,por,7,5,10,7,5,10
6170,Gineitis,TOR,c,m/c,5,5,12,6,6,15
608,Zapata D.,TOR,a,pc,7,5,10,6,5,10
6485,Kristensen T.,ATA,d,dd/dc,7,5,14,8,6,15
5527,Zanoli,UDI,d,dd/e,4,5,10,4,5,10
6248,Stankovic F.,VEN,p,por,6,5,8,6,5,8
5695,Haps,VEN,d,ds/e,5,5,9,5,5,9
5674,Basic,VEN,c,m/c,6,5,13,7,6,16
5319,Sohm,VEN,c,c,5,5,10,5,5,10
6994,Perez K.,VEN,c,c/t,5,5,14,5,5,14
7329,Obrador,SAS,d,ds/e,6,5,8,6,5,8
7573,Cinquegrano,SAS,d,dd/e,1,5,11,1,5,11
7602,Fatah,LEC,a,w/a,4,5,7,5,6,7
5751,Patterson,TOR,d,dd/e,5,5,10,5,5,10
2169,Rodriguez R.,TOR,d,b/ds/e,5,5,9,6,6,10
22,De Roon,ROM,c,m/c,4,4,8,5,5,10
5918,Sulemana K.,ATA,a,a,6,4,4,6,4,4
7068,Vitik,BOL,d,dc,5,4,8,5,4,8
7528,Amondarain,BOL,c,m/c,5,4,11,6,5,14
6640,Felici,CAG,c,w,5,4,5,4,3,5
6815,Fadera,CAG,c,w,2,4,11,2,4,9
7127,Addai,COM,c,w/a,5,4,8,4,3,8
5449,Parisi,FIO,d,ds/e,5,4,8,5,4,8
6206,Fabbian,PAR,c,c/t,4,4,13,4,4,13
5757,Cittadini,FRO,d,dc,3,4,11,3,4,11
7473,Cichella,FRO,c,m/c,4,4,8,4,4,9
7341,Amorim,GEN,c,m/c,4,4,8,5,5,10
7409,Meichtry,GEN,c,w/t,5,4,7,5,4,7
2857,Traorè Hj.,GEN,c,w/t,5,4,8,5,4,8
2529,Mkhitaryan,INT,c,c,5,4,10,5,4,10
6766,Kelly L.,JUV,d,ds/dc,5,4,12,6,5,13
4911,Douglas Luiz,JUV,c,c,4,4,17,4,4,17
6629,Dele-Bashiru,LAZ,c,c/t,5,4,6,5,4,6
6632,Gaspar K.,LEC,d,dc,5,4,12,5,4,12
7240,Siebert,LEC,d,dc,4,4,12,4,4,12
5457,Maleh,LEC,c,m/c,2,4,7,2,4,9
7322,Ngom,LEC,c,m/c,4,4,11,5,5,14
6015,Berisha M.,LEC,c,c/t,5,4,11,5,4,11
7318,Gandelman,LEC,c,c/t,5,4,9,5,4,9
7001,N'Dri,LEC,a,w/a,3,4,10,4,5,11
5273,Estupinan,MIL,d,ds/e,3,4,13,3,4,13
7203,Jashari,MIL,c,m/c,4,4,11,4,4,14
5295,Musah,MIL,c,c/w,2,4,16,2,4,16
4199,Loftus-Cheek,MIL,c,c/t,4,4,15,4,4,15
6519,Camarda,MIL,a,pc,5,4,10,4,3,10
6659,Lucchesi,MON,d,dc,4,4,15,4,4,15
7238,Kouadio,MON,d,dd/dc,3,4,14,3,4,10
4925,Carboni A.,MON,d,ds/dc,3,4,11,4,5,13
7476,Bakoune,MON,d,dd/e,1,4,4,1,4,4
6202,Beukema,NAP,d,dc,6,4,7,6,4,7
5840,Olivera,NAP,d,b/ds/e,5,4,10,6,5,12
7120,Lang,NAP,a,a,3,4,12,3,4,12
6662,Corvi,PAR,p,por,1,4,10,1,4,10
7235,Troilo,PAR,d,dc,3,4,14,3,4,14
7255,Britschgi,PAR,d,dd/ds/e,3,4,12,4,5,12
4349,Nicolussi Caviglia,PAR,c,m/c,6,4,13,7,5,16
7213,Frigan,PAR,a,a,5,4,5,5,4,5
6986,Rensch,ROM,d,b/dd/e,5,4,12,6,5,14
6005,Ilkhan,TOR,c,m/c,4,4,8,5,5,10
5007,Ilic,LEC,c,m/c,1,4,13,1,4,16
5820,Bertola,UDI,d,dd/ds/dc,4,4,9,6,5,10
7208,Miller L.,UDI,c,m/c,3,4,12,3,4,15
7253,Bella-Kotchap,VEN,d,dc,6,4,11,6,4,11
6890,Moreno M.,VEN,d,dc,5,4,6,5,4,6
4387,Adorante,VEN,a,pc,5,4,4,4,3,4
7550,Grillitsch,FRO,c,m/c,5,4,9,5,4,12
4375,Terzic,FRO,d,ds/e,4,4,5,4,4,5
2012,Milik,JUV,a,pc,5,4,1,4,3,1
7146,Tourè I.,MON,c,e/m,6,4,10,8,6,12
7610,Birligea,FRO,a,pc,5,4,3,5,4,3
6145,Ngonge,MON,a,a,5,4,10,5,4,10
256,Juan Jesus,VEN,d,ds/dc,4,4,10,5,5,12
6047,Ehizibue,GEN,d,dd/e,4,4,10,4,4,10
5578,Kossounou,ATA,d,dd/dc,3,3,12,3,3,12
6024,Sulemana I.,SAS,c,m/c,3,3,7,3,3,8
7301,Tornqvist,MON,p,por,1,3,8,1,3,8
7014,Smolcic I.,COM,d,dd/e,4,3,10,4,3,10
5603,Pongracic,FIO,d,dc,4,3,8,4,3,8
4378,Ranieri L.,FIO,d,ds/dc,3,3,13,3,3,15
4947,Brescianini,FIO,c,c/t,3,3,7,3,3,7
6903,Hasa,FRO,c,c/t,2,3,4,2,3,4
7537,Mitaj,GEN,d,ds/e,4,3,7,4,3,7
7453,Havel,GEN,a,pc,4,3,4,3,2,4
7131,Floriani Mussolini,LAZ,d,dd/e,3,3,13,3,3,13
333,Cataldi,LAZ,c,m/c,4,3,7,5,4,8
7248,Gorter,LEC,c,m/c,1,3,10,1,3,12
5453,Ricci S.,COM,c,m/c,4,3,10,4,3,13
4485,Thiam,MON,p,por,5,3,3,5,3,3
6252,Folorunsho,MON,c,c/t,4,3,15,4,3,15
7162,Giovane,NAP,a,a,4,3,1,4,3,1
6215,Lucca,NAP,a,pc,3,3,15,3,3,12
5307,Valenti,PAR,d,dc,4,3,10,4,3,10
7138,Ordonez C.,PAR,c,m/c,2,3,10,2,3,13
7536,Diallo O.,PAR,c,w/a,3,3,8,2,2,8
4374,Walukiewicz,SAS,d,dd/dc,4,3,9,4,3,10
6246,Lipani,SAS,c,m/c,2,3,5,2,3,5
4263,Kabasele,UDI,d,dc,4,3,10,4,3,10
5994,Ebosse,UDI,d,ds/dc,2,3,5,2,3,5
7312,Arizala,UDI,d,ds/e,4,3,8,4,3,8
7418,Chakvetadze,UDI,c,w/t,2,3,6,2,3,6
6681,Sagrado,VEN,d,dd/e,2,3,4,2,3,4
7154,Odenthal,SAS,d,dc,1,3,6,1,3,6
7599,Lulli,ROM,d,e,1,3,15,1,3,15
7579,Massolin,CAG,c,c/t,4,3,5,4,3,5
801,Gagliardini,CAG,c,m/c,3,3,7,4,4,8
7232,Fernandez T.,VEN,c,t/a,3,3,8,2,2,6
5336,Nzola,CAG,a,pc,4,3,9,4,3,9
5498,Casale,BOL,d,dc,3,2,4,3,2,4
487,De Silvestri,BOL,d,dd/e,1,2,3,1,2,3
7483,Alhassane,BOL,d,ds/e,2,2,6,2,2,6
6225,El Azzouzi O.,BOL,c,m/c,2,2,9,2,2,11
7125,Idrissi R.,CAG,d,ds/e,3,2,3,3,2,3
7175,Joao Mario,FIO,d,dd/e,3,2,12,3,2,12
7540,Akpoguma,FRO,d,dc,3,2,5,3,2,5
6241,Gelli F.,FRO,c,c/t,3,2,3,3,2,3
6977,Otoa,GEN,d,dc,2,2,7,2,2,7
7413,Puczka,GEN,d,ds/e,2,2,3,2,2,3
791,Sabelli,GEN,d,dd/ds/e,2,2,5,2,2,5
6503,Stankovic A.,INT,c,m/c,3,2,7,3,2,9
6822,Ekhator,JUV,a,a,3,2,6,3,2,6
6410,Kaba,LEC,c,m/c,1,2,2,1,2,2
7477,Colombo L.,MON,c,m/c,3,2,4,3,2,5
6638,Marin R.,NAP,d,dc,2,2,13,2,2,13
7276,Cremaschi,PAR,c,e/c,1,2,3,1,2,3
6985,Candè,SAS,d,ds/dc,3,2,4,3,2,4
7183,Aboukhlal,TOR,c,w/a,3,2,5,2,1,4
6925,Palma,UDI,d,dc,2,2,8,2,2,8
7161,Bayo V.,UDI,a,pc,1,2,3,1,2,3
7538,Halhal,VEN,d,dc,4,2,7,4,2,7
6892,Schingtienne,VEN,d,dc,3,2,10,3,2,10
6673,Sverko,VEN,d,ds/dc,3,2,7,3,2,7
7478,Franjic,VEN,d,b/ds/e,2,2,6,2,2,6
5872,Helgason,VEN,c,c/t,3,2,3,3,2,3
7482,Lauberbach,VEN,a,pc,1,2,1,1,2,1
6592,Forson O.,MON,c,w/t,1,2,1,1,2,1
7574,Foe Ondoa,MON,c,c,1,2,4,1,2,4
7605,Tchato,FRO,d,dd/e,3,2,6,3,2,6
6601,Kambwala,COM,d,dd/dc,3,2,4,4,3,4
7615,Drobnic,PAR,d,dc,1,2,1,1,2,1
5742,Drameh,GEN,d,dd/ds/e,3,2,5,4,3,6
7628,Sierro,PAR,c,m/c,1,2,10,1,2,10
7647,Esteban,LEC,a,pc,1,2,5,1,2,5
4,Sportiello,ATA,p,por,1,1,1,1,1,1
7533,Happonen,BOL,p,por,1,1,1,1,1,1
7172,Pessina Mas.,BOL,p,por,1,1,1,1,1,1
6650,Sherri,CAG,p,por,1,1,1,1,1,1
7165,Liteta,CAG,c,m/c,1,1,1,1,1,1
7317,Trepy,CAG,a,pc,1,1,1,1,1,1
2809,Vigorito,COM,p,por,1,1,1,1,1,1
418,Goldaniga,COM,d,dc,1,1,1,1,1,1
6896,Van Der Brempt,SAS,d,dd/e,2,1,6,2,1,6
7357,Lahdo,COM,c,c/t,1,1,1,1,1,1
6403,Christensen O.,FIO,p,por,1,1,1,1,1,1
158,Lezzerini,FIO,p,por,1,1,1,1,1,1
7463,Desplanches,FRO,p,por,2,1,1,2,1,1
7466,Lolic,FRO,p,por,1,1,1,1,1,1
5424,Amey,FRO,d,dc,1,1,1,1,1,1
7456,El Azzouzi A.,FRO,c,m/c,1,1,1,1,1,1
5725,Kone B.,FRO,c,c,1,1,3,1,1,3
219,Sommariva,GEN,p,por,1,1,1,1,1,1
6569,Stolz,GEN,p,por,1,1,1,1,1,1
6980,Venturino,GEN,c,w,2,1,4,2,1,4
1926,Di Gennaro,INT,p,por,1,1,1,1,1,1
2814,Provedel,INT,p,por,2,1,5,2,1,5
1930,Pinsoglio,JUV,p,por,1,1,1,1,1,1
294,Rugani,JUV,d,dc,1,1,3,1,1,3
6039,Cabal,JUV,d,b/ds/e,1,1,4,1,1,4
7337,Motta,LAZ,p,por,1,1,1,1,1,1
7534,Renzetti,LAZ,p,por,1,1,1,1,1,1
2263,Lazzari,LAZ,d,dd/e,2,1,5,2,1,5
2728,Pellegrini Lu.,LAZ,d,ds/e,2,1,4,2,1,4
7345,Przyborek,LAZ,c,w/t,1,1,2,1,1,2
6883,Jean,LEC,d,dc,2,1,4,2,1,4
7182,Ndaba,LEC,d,ds/e,1,1,5,1,1,5
7319,Fofana Sa.,LEC,c,m/c,1,1,1,1,1,1
2815,Terracciano,MIL,p,por,1,1,1,1,1,1
6813,Torriani,MIL,p,por,1,1,1,1,1,1
7525,Diawara S.,MIL,d,ds/dc,2,1,4,2,1,4
7475,Strajnar,MON,p,por,1,1,1,1,1,1
5399,Antov,MON,d,dc,1,1,2,1,1,2
5880,Ciurria,MON,c,e/w,2,1,6,2,1,6
2845,Contini,NAP,p,por,1,1,1,1,1,1
6809,Marianucci,NAP,d,dc,1,1,3,1,1,3
5481,Mazzocchi,VEN,d,dd/ds/e,1,1,10,1,1,12
7202,Ndiaye,PAR,d,dc,1,1,8,1,1,8
6149,Carboni F.,PAR,d,ds/e,1,1,3,1,1,3
7048,De Marzi,ROM,p,por,1,1,1,1,1,1
610,Gollini,ROM,p,por,1,1,1,1,1,1
7260,Ziolkowski,MON,d,dc,1,1,7,1,1,7
4518,Russo A.,SAS,p,por,1,1,1,1,1,1
4867,Turati,SAS,p,por,1,1,1,1,1,1
7156,Pieragnolo,SAS,d,ds/e,1,1,1,1,1,1
6219,Boloca,SAS,c,m/c,2,1,3,2,1,3
7457,Mascardi,TOR,p,por,1,1,1,1,1,1
7363,Siviero,TOR,p,por,1,1,1,1,1,1
252,Biraghi,TOR,d,b/ds/e,2,1,5,2,1,6
543,Padelli,UDI,p,por,1,1,1,1,1,1
6212,Zarraga,UDI,c,m/c,1,1,4,1,1,4
6671,Grandi,VEN,p,por,1,1,1,1,1,1
7531,Pozzi,VEN,p,por,1,1,1,1,1,1
7454,Gomes,VEN,d,ds/dc,1,1,1,1,1,1
7481,Dagasso,VEN,c,c,1,1,1,1,1,1
526,Duncan,VEN,c,c,2,1,4,2,1,4
7408,Lisman,VEN,a,w/a,1,1,1,1,1,1
2127,Satalino,SAS,p,por,1,1,1,1,1,1
7548,Aurelio,CAG,d,ds/e,2,1,4,2,1,4
7557,Penev,LEC,p,por,1,1,1,1,1,1
7560,Pisseri,FRO,p,por,1,1,1,1,1,1
3,Radunovic,CAG,p,por,1,1,1,1,1,1
7568,De Martis,PAR,a,pc,1,1,1,1,1,1
4957,Montipò,VEN,p,por,1,1,1,1,1,1
7553,Omar Fayed,FRO,d,dc,1,1,1,1,1,1
4468,Bleve,LEC,p,por,1,1,1,1,1,1
7571,Laerke,LEC,c,w/a,1,1,1,1,1,1
7572,Comotto,MIL,c,m/c,1,1,1,1,1,1
6537,Goglichidze,MON,d,dd/dc,2,1,5,3,2,7
7575,Mout,MON,c,c,1,1,12,1,1,12
5812,Terracciano F.,MIL,d,b/dd/ds,2,1,4,3,2,7
5462,Ciervo,CAG,c,w,1,1,1,1,1,1
7603,Grabara,JUV,p,por,1,1,1,1,1,1
7604,Maye,MON,d,ds/dc,1,1,1,1,1,1
7611,Mrozek,UDI,p,por,1,1,1,1,1,1
6826,Dembelè A.,LEC,d,dd/e,1,1,2,1,1,2
7092,Jovanovic,UDI,c,w/t,2,1,5,2,1,5
2874,Ghidotti,PAR,p,por,1,1,1,1,1,1
7622,Robinho Junior,GEN,a,a,1,1,1,1,1,1
7626,Pompei,ATA,p,por,1,1,1,1,1,1
7627,Enem,BOL,a,pc,2,1,4,2,1,4
7629,Libra,BOL,c,c/t,1,1,2,1,1,2
5850,Lovric,UDI,c,c,1,1,1,1,1,1
283,Neto,JUV,p,por,1,1,1,1,1,1
